{
  "shanghai": {
    "shanghai": {
      "数据集名称": "title",
      "摘要": "description",
      "数据标签": "tags",
      "数据领域": "category",
      "国家主题分类": "industry",
      "首次发布日期": "publish_time",
      "更新日期": "update_time",
      "更新频度": "update_frequency",
      "数据提供方": "department",
      "开放属性": "is_open",
      "联系方式": "email",
      "详情页网址": "url",
      "数据格式": "data_formats"
    }
  },
  "jiangsu": {
    "jiangsu": {
      "资源名称": "title",
      "开放类型": "is_open",
      "更新周期": "update_frequency",
      "资源更新日期": "update_time",
      "所属单位": "department",
      "所属行业": "industry",
      "所属主题": "category",
      "资源描述": "description",
      "数据格式": "data_formats",
      "详情页网址": "url"
    },
    "nanjing": {

    },
    "wuxi": {
      "资源标题": "title",
      "来源部门": "department",
      "数据量": "data_volume",
      "联系电话": "telephone",
      "邮箱地址": "email",
      "所属主题": "category",
      "更新频率": "update_frequency",
      "资源发布/更新时间": "update_time",
      "条件开放": "is_open",
      "标签": "tags",
      "简介": "description",
      "数据格式": "data_formats",
      "详情页网址": "url"
    },
    "xuzhou": {
      "资源名称": "title",
      "资源提供方": "department",
      "领域": "industry",
      "开放类型": "is_open",
      "资源摘要": "description",
      "更新周期": "update_frequency",
      "主题分类": "category",
      "详情页网址": "url"
    },
    "suzhou": {
        "创建时间": "publish_time",
        "提供机构": "department",
        "资源信息名称": "title",
        "更新频率": "update_frequency",
        "描述": "description",
        "资源类型": "data_formats",
        "开放属性": "is_open",
        "联系方式": "telephone",
        "详情页网址": "url"
    },
    "nantong": {
        "资源名称": "title",
        "创建时间": "publish_time",
        "更新时间": "update_time",
        "资源更新频率": "update_frequency",
        "内容简介": "description",
        "行业类型": "industry",
        "提供机构": "department",
        "主题分类": "category",
        "联系方式": "telephone",
        "是否向社会开放": "is_open",
        "数据格式": "data_formats",
        "详情页网址": "url"
    },
    "lianyungang": {
        "信息资源名称": "title",
        "信息资源提供方": "department",
        "是否向社会开放": "is_open",
        "所属主题": "category",
        "上传时间": "publish_time",
        "数据格式": "data_formats",
        "详情页网址": "url"
    },
    "huaian": {
      "资源名称": "title",
      "开放方式": "is_open",
      "更新时间": "update_time",
      "更新周期": "update_frequency",
      "发布时间": "publish_time",
      "所属部门": "department"
    },
    "yancheng": {
      "目录名称": "title",
      "更新频率": "update_frequency",
      "目录摘要": "description",
      "关键字": "tags",
      "创建日期": "publish_time",
      "发布日期": "update_time",
      "提供部门": "department",
      "开放条件": "is_open",
      "领域分类": "category",
      "行业分类": "industry",
      "资源格式": "data_formats",
      "详情页网址": "url"
    },
    "zhenjiang": {
      "资源名称": "title",
      "发布时间": "publish_time",
      "最近更新": "update_time",
      "数据提供方": "department",
      "数据主题": "tags",
      "数据行业": "industry",
      "开放属性": "is_open",
      "资源摘要": "description",
      "更新周期": "update_frequency",
      "数据领域": "category",
      "数据格式": "data_formats",
      "详情页网址": "url"
    },
    "taizhou": {
      "资源名称": "title",
      "重点领域": "category",
      "来源部门": "department",
      "开放状态": "is_open",
      "所属行业": "industry",
      "发布时间": "publish_time",
      "最后更新时间": "update_time",
      "更新频率": "update_frequency",
      "部门电话": "telephone",
      "部门邮箱": "email",
      "标签": "tags",
      "描述": "description",
      "数据格式": "data_formats",
      "详情页网址": "url"
    },
    "suqian": {
      "资源名称": "title",
      "重点领域": "category",
      "来源部门": "department",
      "数据量": "data_volume",
      "开放状态": "is_open",
      "所属行业": "industry",
      "更新频率": "update_frequency",
      "部门电话": "telephone",
      "部门邮箱": "email",
      "标签": "tags",
      "描述": "description",
      "数据格式": "data_formats",
      "详情页网址": "url",
      "更新时间": "update_time"
    }
  },
  "zhejiang": {
    "zhejiang": {
      "标题": "title",
      "摘要": "description",
      "标签": "tags",
      "更新周期": "update_formats",
      "资源格式": "data_formats",
      "数源单位": "department",
      "联系方式": "telephone",
      "数据领域": "category",
      "行业分类": "industry",
      "开放条件": "is_open",
      "更新日期": "update_time",
      "发布日期": "publish_time",
      "数据量": "data_volume",
      "详情页网址": "url"
    },
    "hangzhou": {
        "资源名称": "title",
        "发布部门": "department",
        "摘要": "description",
        "发布时间": "publish_time",
        "更新时间": "update_time",
        "更新周期": "update_frequency",
        "开放等级": "is_open",
        "联系电话": "telephone",
        "数据量": "data_volume",
        "详情页网址": "url",
        "数据格式": "data_formats"
    },
    "ningbo": {
      "资源格式": "data_formats",
      "发布时间": "publish_time",
      "联系方式": "telephone",
      "数据领域": "category",
      "数据量": "data_volume",
      "标签": "tags",
      "开放条件": "is_open",
      "资源名称": "title",
      "更新周期": "update_frequency",
      "更新时间": "update_time"
    },
    "wenzhou": {
      "标题": "title",
      "摘要": "description",
      "标签": "tags",
      "更新周期": "update_frequency",
      "资源格式": "data_formats",
      "数源单位": "department",
      "联系方式": "telephone",
      "数据领域": "category",
      "行业分类": "industry",
      "开放条件": "is_open",
      "更新日期": "update_time",
      "发布日期": "publish_time",
      "数据条数": "data_volume",
      "详情页网址": "url"
    },
    "jiaxing": {
      "标题": "title",
      "摘要": "description",
      "标签": "tags",
      "更新周期": "update_frequency",
      "资源格式": "data_formats",
      "数源单位": "department",
      "联系方式": "telephone",
      "数据领域": "category",
      "行业分类": "industry",
      "开放条件": "is_open",
      "更新日期": "update_time",
      "发布日期": "publish_time",
      "数据容量": "data_volume",
      "详情页网址": "url"
    },
    "shaoxing": {
      "标题": "title",
      "摘要": "description",
      "资源标签": "tags",
      "发布日期": "publish_time",
      "更新日期": "update_time",
      "数据领域": "category",
      "数源单位": "department",
      "开放条件": "is_open",
      "数据量": "data_volume",
      "联系方式": "telephone",
      "更新周期": "update_frequency",
      "详情页网址": "url"
    },
    "jinhua": {
      "标题": "title",
      "摘要": "description",
      "标签": "tags",
      "更新周期": "update_frequency",
      "资源格式": "data_formats",
      "数源单位": "department",
      "联系方式": "telephone",
      "数据领域": "category",
      "行业分类": "industry",
      "开放条件": "is_open",
      "更新日期": "update_time",
      "发布日期": "publish_time",
      "数据容量": "data_volume",
      "详情页网址": "url"
    },
    "quzhou": {
      "标题": "title",
      "摘要": "description",
      "标签": "tags",
      "更新周期": "update_frequency",
      "资源格式": "data_formats",
      "数源单位": "department",
      "联系方式": "telephone",
      "数据领域": "category",
      "行业分类": "industry",
      "开放条件": "is_open",
      "更新日期": "update_time",
      "发布日期": "publish_time",
      "数据容量": "data_volume",
      "详情页网址": "url"
    },
    "zhoushan": {
      "资源名称": "title",
      "摘要": "description",
      "数据领域": "category",
      "数据量": "data_volume",
      "资源提供方": "department",
      "资源格式": "data_formats",
      "上线日期": "publish_time",
      "更新日期": "update_time",
      "详情页网址": "url"
    },
    "taizhou": {
      "标题": "title",
      "摘要": "description",
      "资源标签": "tags",
      "发布日期": "publish_time",
      "更新日期": "update_time",
      "数据领域": "category",
      "数源单位": "department",
      "开放条件": "is_open",
      "数据量": "data_volume",
      "联系方式": "telephone",
      "更新周期": "update_frequency",
      "详情页网址": "url"
    },
    "lishui": {
      "标题": "title",
      "摘要": "description",
      "标签": "tags",
      "更新周期": "update_frequency",
      "资源格式": "data_formats",
      "数源单位": "department",
      "联系方式": "telephone",
      "数据领域": "category",
      "行业分类": "industry",
      "开放条件": "is_open",
      "更新日期": "update_time",
      "发布日期": "publish_time",
      "数据条数": "data_volume",
      "详情页网址": "url"
    }
  }
}