[{"标题": "桂林市市场监督管理局农专年报基本信息补充", "来源部门": "桂林市市场监督管理局", "重点领域": "市场监管", "发布时间": "2021-11-26", "更新时间": "2023-03-04", "开放条件": "无条件开放", "数据量": "44,270", "所属行业": "", "更新频率": "每年", "部门电话": "暂无", "部门邮箱": "暂无", "标签": "", "描述": "桂林市市场监督管理局农专年报基本信息补充", "详情页网址": "https://gl.data.gxzf.gov.cn/gl/catalog/a78e442493454c21b48ee5a1c3adfafa", "数据格式": "['xls', 'json', 'csv']"}, {"标题": "桂林市市场监督管理局企业年报修改信息", "来源部门": "桂林市市场监督管理局", "重点领域": "其他", "发布时间": "2021-11-26", "更新时间": "2023-03-04", "开放条件": "无条件开放", "数据量": "300,774", "所属行业": "其他", "更新频率": "每年", "部门电话": "暂无", "部门邮箱": "暂无", "标签": "综合政务\r\n\t其他", "描述": "桂林市市场监督管理局企业年报修改信息", "详情页网址": "https://gl.data.gxzf.gov.cn/gl/catalog/71d427bc8bd0433f8cf882708406ca30", "数据格式": "['xls', 'json', 'csv', 'api']"}, {"标题": "桂林市市场监督管理局投资人认缴详细", "来源部门": "桂林市市场监督管理局", "重点领域": "市场监管", "发布时间": "2021-11-23", "更新时间": "2023-03-03", "开放条件": "无条件开放", "数据量": "402,914", "所属行业": "", "更新频率": "每年", "部门电话": "暂无", "部门邮箱": "暂无", "标签": "", "描述": "桂林市市场监督管理局投资人认缴详细", "详情页网址": "https://gl.data.gxzf.gov.cn/gl/catalog/1256b24dfc7b4be792ee7644194197fc", "数据格式": "['xls', 'json', 'csv', 'api']"}, {"标题": "桂林市市场监督管理局联络员信息", "来源部门": "桂林市市场监督管理局", "重点领域": "市场监管", "发布时间": "2021-11-23", "更新时间": "2023-03-03", "开放条件": "无条件开放", "数据量": "193,434", "所属行业": "", "更新频率": "每年", "部门电话": "暂无", "部门邮箱": "暂无", "标签": "", "描述": "桂林市工商行政管理局联络员信息", "详情页网址": "https://gl.data.gxzf.gov.cn/gl/catalog/81988dd16ed64837b326c13fdd4776a3", "数据格式": "['xls', 'json', 'csv', 'api']"}, {"标题": "桂林市_市场监督局_企业年报基本信息补充", "来源部门": "桂林市市场监督管理局", "重点领域": "市场监管", "发布时间": "2021-11-26", "更新时间": "2023-03-03", "开放条件": "无条件开放", "数据量": "570,279", "所属行业": "", "更新频率": "每年", "部门电话": "暂无", "部门邮箱": "暂无", "标签": "", "描述": "企业年报基本信息补充", "详情页网址": "https://gl.data.gxzf.gov.cn/gl/catalog/dc258fe3a2584cfc84ccaf718b8e7040", "数据格式": "['xls', 'json', 'csv', 'api']"}, {"标题": "桂林市市场监督管理局个体年报基本信息", "来源部门": "桂林市市场监督管理局", "重点领域": "市场监管", "发布时间": "2021-11-26", "更新时间": "2023-03-03", "开放条件": "无条件开放", "数据量": "1,295,708", "所属行业": "", "更新频率": "每年", "部门电话": "暂无", "部门邮箱": "暂无", "标签": "", "描述": "个体年报基本信息", "详情页网址": "https://gl.data.gxzf.gov.cn/gl/catalog/cc1b2c30983c48958a46e53bb97c2c17", "数据格式": "['xls', 'json', 'csv', 'api']"}, {"标题": "桂林市市场监督管理局个体变更信息", "来源部门": "桂林市市场监督管理局", "重点领域": "市场监管", "发布时间": "2021-11-23", "更新时间": "2023-03-03", "开放条件": "无条件开放", "数据量": "238,391", "所属行业": "", "更新频率": "每年", "部门电话": "暂无", "部门邮箱": "暂无", "标签": "", "描述": "桂林市市场监督管理局个体变更信息", "详情页网址": "https://gl.data.gxzf.gov.cn/gl/catalog/d9d41cf016a642a89fe21c63dd186f08", "数据格式": "['xls', 'json', 'csv', 'api']"}, {"标题": "桂林市市场监督管理局12315信息提供方信息", "来源部门": "桂林市市场监督管理局", "重点领域": "市场监管", "发布时间": "2021-11-19", "更新时间": "2023-03-03", "开放条件": "无条件开放", "数据量": "188,981", "所属行业": "", "更新频率": "每年", "部门电话": "暂无", "部门邮箱": "暂无", "标签": "", "描述": "桂林市市场监督管理局12315信息提供方信息", "详情页网址": "https://gl.data.gxzf.gov.cn/gl/catalog/04756757ecf0455bb3b8de23e2a2ee26", "数据格式": "['xls', 'json', 'csv', 'api']"}, {"标题": "桂林市市场监督管理局农专年报基本信息", "来源部门": "桂林市市场监督管理局", "重点领域": "市场监管", "发布时间": "2021-11-26", "更新时间": "2023-03-03", "开放条件": "无条件开放", "数据量": "44,608", "所属行业": "", "更新频率": "每年", "部门电话": "暂无", "部门邮箱": "暂无", "标签": "", "描述": "农专年报基本信息", "详情页网址": "https://gl.data.gxzf.gov.cn/gl/catalog/e47f998dc9d243a5884e1db94ac24c68", "数据格式": "['xls', 'json', 'csv']"}, {"标题": "桂林市市场监督管理局变更备案信息", "来源部门": "桂林市市场监督管理局", "重点领域": "市场监管", "发布时间": "2021-11-23", "更新时间": "2023-03-03", "开放条件": "无条件开放", "数据量": "604,243", "所属行业": "", "更新频率": "每年", "部门电话": "暂无", "部门邮箱": "暂无", "标签": "", "描述": "变更备案信息", "详情页网址": "https://gl.data.gxzf.gov.cn/gl/catalog/d0c3d9fa99e14729b557a92f17f1cb83", "数据格式": "['xls', 'json', 'csv', 'api']"}, {"标题": "桂林市市场监督管理局自然人出资信息", "来源部门": "桂林市市场监督管理局", "重点领域": "市场监管", "发布时间": "2021-11-26", "更新时间": "2023-03-03", "开放条件": "无条件开放", "数据量": "394,136", "所属行业": "", "更新频率": "每年", "部门电话": "暂无", "部门邮箱": "暂无", "标签": "", "描述": "桂林市市场监督管理局自然人出资信息", "详情页网址": "https://gl.data.gxzf.gov.cn/gl/catalog/aafb57e031454301a93d5b89fceb4fca", "数据格式": "['xls', 'json', 'csv', 'api']"}, {"标题": "桂林市市场监督管理局企业年报股东及出资信息", "来源部门": "桂林市市场监督管理局", "重点领域": "市场监管", "发布时间": "2021-11-26", "更新时间": "2023-03-03", "开放条件": "无条件开放", "数据量": "773,974", "所属行业": "", "更新频率": "每年", "部门电话": "暂无", "部门邮箱": "暂无", "标签": "", "描述": "企业年报股东及出资信息", "详情页网址": "https://gl.data.gxzf.gov.cn/gl/catalog/b54c08b78ab44382a6ea909722fae90d", "数据格式": "['xls', 'json', 'csv', 'api']"}, {"标题": "桂林市市场监督管理局小微企业名录基本信息", "来源部门": "桂林市市场监督管理局", "重点领域": "市场监管", "发布时间": "2021-11-23", "更新时间": "2023-03-03", "开放条件": "无条件开放", "数据量": "345,250", "所属行业": "", "更新频率": "每年", "部门电话": "暂无", "部门邮箱": "暂无", "标签": "", "描述": "桂林市市场监督管理局小微企业名录基本信息", "详情页网址": "https://gl.data.gxzf.gov.cn/gl/catalog/92038ef0f3c546efaee616f2eed54666", "数据格式": "['xls', 'json', 'csv', 'api']"}, {"标题": "桂林市市场监督管理局主要人员", "来源部门": "桂林市市场监督管理局", "重点领域": "市场监管", "发布时间": "2021-11-26", "更新时间": "2023-03-03", "开放条件": "无条件开放", "数据量": "625,573", "所属行业": "", "更新频率": "每年", "部门电话": "暂无", "部门邮箱": "暂无", "标签": "", "描述": "主要人员", "详情页网址": "https://gl.data.gxzf.gov.cn/gl/catalog/5d94cdb9d2a24b1dab51642d8ef85581", "数据格式": "['xls', 'json', 'csv', 'api']"}, {"标题": "桂林市市场监督管理局企业名称信息", "来源部门": "桂林市市场监督管理局", "重点领域": "市场监管", "发布时间": "2021-11-15", "更新时间": "2023-03-03", "开放条件": "无条件开放", "数据量": "585,514", "所属行业": "", "更新频率": "每年", "部门电话": "暂无", "部门邮箱": "暂无", "标签": "", "描述": "企业名称信息", "详情页网址": "https://gl.data.gxzf.gov.cn/gl/catalog/8c8d73f757fe46fe9cfba54fb831aedb", "数据格式": "['xls', 'json', 'csv', 'api']"}, {"标题": "桂林市市场监督管理局12315涉及客体信息", "来源部门": "桂林市市场监督管理局", "重点领域": "市场监管", "发布时间": "2021-11-26", "更新时间": "2023-03-03", "开放条件": "无条件开放", "数据量": "188,981", "所属行业": "", "更新频率": "每年", "部门电话": "暂无", "部门邮箱": "暂无", "标签": "", "描述": "桂林市市场监督管理局12315涉及客体信息", "详情页网址": "https://gl.data.gxzf.gov.cn/gl/catalog/38b6eac1ac204c17805ca4d68b469c18", "数据格式": "['xls', 'json', 'csv', 'api']"}, {"标题": "桂林市市场监督管理局电子营业执照", "来源部门": "桂林市市场监督管理局", "重点领域": "市场监管", "发布时间": "2021-11-26", "更新时间": "2023-03-03", "开放条件": "无条件开放", "数据量": "235,140", "所属行业": "", "更新频率": "每年", "部门电话": "暂无", "部门邮箱": "暂无", "标签": "", "描述": "桂林市市场监督管理局电子营业执照", "详情页网址": "https://gl.data.gxzf.gov.cn/gl/catalog/89e8ea92b2fb4e2f8f3404191d3f7e10", "数据格式": "['xls', 'json', 'csv', 'api']"}, {"标题": "桂林市市场监督管理局企业年报社会保险信息", "来源部门": "桂林市市场监督管理局", "重点领域": "市场监管", "发布时间": "2021-11-30", "更新时间": "2023-03-03", "开放条件": "无条件开放", "数据量": "447,668", "所属行业": "", "更新频率": "每年", "部门电话": "暂无", "部门邮箱": "暂无", "标签": "", "描述": "企业年报社会保险信息", "详情页网址": "https://gl.data.gxzf.gov.cn/gl/catalog/48b44eef9cb24d659f8b2ea26702397b", "数据格式": "['xls', 'json', 'csv', 'api']"}, {"标题": "桂林市市场监督管理局内资补充信息", "来源部门": "桂林市市场监督管理局", "重点领域": "市场监管", "发布时间": "2021-11-23", "更新时间": "2023-03-03", "开放条件": "无条件开放", "数据量": "200,236", "所属行业": "", "更新频率": "每年", "部门电话": "暂无", "部门邮箱": "暂无", "标签": "", "描述": "桂林市工商行政管理局内资补充信息", "详情页网址": "https://gl.data.gxzf.gov.cn/gl/catalog/250d8dd6a1b54b2ab802cabb7df5db13", "数据格式": "['xls', 'json', 'csv', 'api']"}, {"标题": "桂林市市场监督管理局财务负责人", "来源部门": "桂林市市场监督管理局", "重点领域": "市场监管", "发布时间": "2021-11-23", "更新时间": "2023-03-03", "开放条件": "无条件开放", "数据量": "143,875", "所属行业": "", "更新频率": "每年", "部门电话": "暂无", "部门邮箱": "暂无", "标签": "", "描述": "桂林市市场监督管理局财务负责人", "详情页网址": "https://gl.data.gxzf.gov.cn/gl/catalog/8fb13b63ec9b4cbf818a1b1756d0d026", "数据格式": "['xls', 'json', 'csv', 'api']"}, {"标题": "桂林市市场监督管理局12315涉及主体信息", "来源部门": "桂林市市场监督管理局", "重点领域": "市场监管", "发布时间": "2021-11-23", "更新时间": "2023-03-03", "开放条件": "无条件开放", "数据量": "188,981", "所属行业": "", "更新频率": "每年", "部门电话": "暂无", "部门邮箱": "暂无", "标签": "", "描述": "桂林市市场监督管理局12315涉及主体信息", "详情页网址": "https://gl.data.gxzf.gov.cn/gl/catalog/68850db890544e62bfd93b80114aab1f", "数据格式": "['xls', 'json', 'csv', 'api']"}, {"标题": "桂林市市场监督管理局经营异常公告批量名单信息", "来源部门": "桂林市市场监督管理局", "重点领域": "市场监管", "发布时间": "2021-11-23", "更新时间": "2023-03-03", "开放条件": "无条件开放", "数据量": "58,456", "所属行业": "", "更新频率": "每年", "部门电话": "暂无", "部门邮箱": "暂无", "标签": "", "描述": "桂林市市场监督管理局经营异常公告批量名单信息", "详情页网址": "https://gl.data.gxzf.gov.cn/gl/catalog/a5c74504e80f435bb1f2706b76629faa", "数据格式": "['xls', 'json', 'csv']"}, {"标题": "桂林市市场监督管理局分期实缴信息", "来源部门": "桂林市市场监督管理局", "重点领域": "市场监管", "发布时间": "2021-11-26", "更新时间": "2023-03-03", "开放条件": "无条件开放", "数据量": "64,319", "所属行业": "", "更新频率": "每年", "部门电话": "暂无", "部门邮箱": "暂无", "标签": "", "描述": "桂林市市场监督管理局分期实缴信息", "详情页网址": "https://gl.data.gxzf.gov.cn/gl/catalog/de9dcf76411e41119245b0ea137dc605", "数据格式": "['xls', 'json', 'csv', 'api']"}, {"标题": "桂林市市场监督管理局分期认缴信息", "来源部门": "桂林市市场监督管理局", "重点领域": "市场监管", "发布时间": "2021-11-26", "更新时间": "2023-03-03", "开放条件": "无条件开放", "数据量": "63,868", "所属行业": "", "更新频率": "每年", "部门电话": "暂无", "部门邮箱": "暂无", "标签": "", "描述": "桂林市市场监督管理局分期认缴信息", "详情页网址": "https://gl.data.gxzf.gov.cn/gl/catalog/0922d688402e4f2faa40fd08de71a24f", "数据格式": "['xls', 'json', 'csv', 'api']"}, {"标题": "桂林市市场监督管理局个体年报修改信息", "来源部门": "桂林市市场监督管理局", "重点领域": "市场监管", "发布时间": "2021-11-26", "更新时间": "2023-03-03", "开放条件": "无条件开放", "数据量": "50,302", "所属行业": "", "更新频率": "每年", "部门电话": "暂无", "部门邮箱": "暂无", "标签": "", "描述": "桂林市市场监督管理局个体年报修改信息", "详情页网址": "https://gl.data.gxzf.gov.cn/gl/catalog/385653fddd8749349b290b2e1d505be8", "数据格式": "['xls', 'json', 'csv']"}, {"标题": "桂林市市场监督管理局个体年报行政许可信息", "来源部门": "桂林市市场监督管理局", "重点领域": "市场监管", "发布时间": "2021-11-23", "更新时间": "2023-03-02", "开放条件": "无条件开放", "数据量": "124,328", "所属行业": "其他", "更新频率": "每年", "部门电话": "暂无", "部门邮箱": "暂无", "标签": "综合政务\r\n\t其他", "描述": "桂林市市场监督管理局个体年报行政许可信息", "详情页网址": "https://gl.data.gxzf.gov.cn/gl/catalog/da5fcd6197dd4369bef65e2defeab10a", "数据格式": "['xls', 'json', 'csv', 'api']"}, {"标题": "桂林市市场监督管理局企业年报基本信息", "来源部门": "桂林市市场监督管理局", "重点领域": "市场监管", "发布时间": "2021-11-26", "更新时间": "2023-03-01", "开放条件": "无条件开放", "数据量": "574,555", "所属行业": "", "更新频率": "每年", "部门电话": "暂无", "部门邮箱": "暂无", "标签": "", "描述": "企业年报基本信息", "详情页网址": "https://gl.data.gxzf.gov.cn/gl/catalog/d4e0f6ee0906430d965ac7b3c5723346", "数据格式": "['xls', 'json', 'csv', 'api']"}, {"标题": "桂林市市场监督管理局个体经营者基本信息", "来源部门": "桂林市市场监督管理局", "重点领域": "市场监管", "发布时间": "2021-11-23", "更新时间": "2023-03-01", "开放条件": "有条件开放", "数据量": "491,382", "所属行业": "", "更新频率": "每年", "部门电话": "暂无", "部门邮箱": "暂无", "标签": "", "描述": "桂林市市场监督管理局个体经营者基本信息", "详情页网址": "https://gl.data.gxzf.gov.cn/gl/catalog/9874f8cb79f846d1bdbe920eb44239b1", "数据格式": "['xls', 'json', 'csv', 'api']"}, {"标题": "桂林市市场监督管理局12315登记信息", "来源部门": "桂林市市场监督管理局", "重点领域": "市场监管", "发布时间": "2021-11-26", "更新时间": "2023-03-01", "开放条件": "无条件开放", "数据量": "188,981", "所属行业": "", "更新频率": "每年", "部门电话": "暂无", "部门邮箱": "暂无", "标签": "", "描述": "桂林市市场监督管理局12315登记信息", "详情页网址": "https://gl.data.gxzf.gov.cn/gl/catalog/5030debd483949cfb907bba823ffa020", "数据格式": "['xls', 'json', 'csv', 'api']"}, {"标题": "桂林市注册号管理局简易案件案源信息", "来源部门": "桂林市市场监督管理局", "重点领域": "市场监管", "发布时间": "2021-11-23", "更新时间": "2022-12-04", "开放条件": "无条件开放", "数据量": "3,003", "所属行业": "", "更新频率": "每年", "部门电话": "暂无", "部门邮箱": "暂无", "标签": "", "描述": "桂林市注册号管理局简易案件案源信息", "详情页网址": "https://gl.data.gxzf.gov.cn/gl/catalog/3af2d106f62a4b3795cf61052e74972f", "数据格式": "['xls', 'xml', 'json', 'csv', 'rdf']"}, {"标题": "桂林市简易案件基本信息ID管理局吊销信息", "来源部门": "桂林市市场监督管理局", "重点领域": "市场监管", "发布时间": "2021-11-26", "更新时间": "2022-12-04", "开放条件": "无条件开放", "数据量": "33,601", "所属行业": "", "更新频率": "每年", "部门电话": "暂无", "部门邮箱": "暂无", "标签": "", "描述": "吊销信息", "详情页网址": "https://gl.data.gxzf.gov.cn/gl/catalog/e0ddb792b23d4818afe21a88b8ce089d", "数据格式": "['xls', 'xml', 'json', 'csv', 'rdf']"}, {"标题": "桂林市市场监督管理局农专年报行政许可信息", "来源部门": "桂林市市场监督管理局", "重点领域": "市场监管", "发布时间": "2021-11-26", "更新时间": "2022-12-04", "开放条件": "无条件开放", "数据量": "373", "所属行业": "", "更新频率": "每年", "部门电话": "暂无", "部门邮箱": "暂无", "标签": "", "描述": "桂林市市场监督管理局农专年报行政许可信息", "详情页网址": "https://gl.data.gxzf.gov.cn/gl/catalog/55d7dc7a7e314b7bacf33d7de918a9ea", "数据格式": "['xls', 'xml', 'json', 'csv', 'rdf']"}, {"标题": "桂林市市场监督管理局企业年报对外提供保证担保信息", "来源部门": "桂林市市场监督管理局", "重点领域": "市场监管", "发布时间": "2021-11-26", "更新时间": "2022-12-04", "开放条件": "无条件开放", "数据量": "3,566", "所属行业": "", "更新频率": "每年", "部门电话": "暂无", "部门邮箱": "暂无", "标签": "", "描述": "桂林市市场监督管理局企业年报对外提供保证担保信息", "详情页网址": "https://gl.data.gxzf.gov.cn/gl/catalog/560332c71258438f92a69067141a6aa0", "数据格式": "['xls', 'xml', 'json', 'csv', 'rdf']"}, {"标题": "桂林市市场监督管理局企业公示_股东及出资修改信息", "来源部门": "桂林市市场监督管理局", "重点领域": "市场监管", "发布时间": "2021-11-26", "更新时间": "2022-12-04", "开放条件": "无条件开放", "数据量": "2,446", "所属行业": "", "更新频率": "每年", "部门电话": "暂无", "部门邮箱": "暂无", "标签": "", "描述": "企业公示_股东及出资修改信息", "详情页网址": "https://gl.data.gxzf.gov.cn/gl/catalog/62b3f3f42a8c4cb49ef2dd93237fbbff", "数据格式": "['xls', 'xml', 'json', 'csv', 'rdf']"}, {"标题": "桂林市市场监督管理局迁出信息", "来源部门": "桂林市市场监督管理局", "重点领域": "市场监管", "发布时间": "2021-11-23", "更新时间": "2022-12-04", "开放条件": "无条件开放", "数据量": "11,151", "所属行业": "其他", "更新频率": "每年", "部门电话": "暂无", "部门邮箱": "暂无", "标签": "其他\r\n\t综合政务", "描述": "桂林市市场监督管理局迁出信息", "详情页网址": "https://gl.data.gxzf.gov.cn/gl/catalog/7c804240cf324b01b108e5529ad59591", "数据格式": "['xls', 'xml', 'json', 'csv', 'rdf']"}, {"标题": "桂林市市场监督管理局行政处罚当事人信息", "来源部门": "桂林市市场监督管理局", "重点领域": "市场监管", "发布时间": "2021-11-23", "更新时间": "2022-12-04", "开放条件": "无条件开放", "数据量": "7,854", "所属行业": "", "更新频率": "每年", "部门电话": "暂无", "部门邮箱": "暂无", "标签": "综合政务", "描述": "桂林市市场监督管理局行政处罚当事人信息", "详情页网址": "https://gl.data.gxzf.gov.cn/gl/catalog/75973adfb6be453a8a0a4a1c5de83ec1", "数据格式": "['xls', 'xml', 'json', 'csv', 'rdf']"}, {"标题": "桂林市市场监督管理局网站群自定义公告表", "来源部门": "桂林市市场监督管理局", "重点领域": "市场监管", "发布时间": "2021-11-23", "更新时间": "2022-12-04", "开放条件": "无条件开放", "数据量": "72", "所属行业": "其他", "更新频率": "每年", "部门电话": "暂无", "部门邮箱": "暂无", "标签": "综合政务\r\n\t其他", "描述": "桂林市市场监督管理局网站群自定义公告表", "详情页网址": "https://gl.data.gxzf.gov.cn/gl/catalog/e01d6aa4ee3b42b397ed034f9f6bff63", "数据格式": "['xls', 'xml', 'json', 'csv', 'rdf']"}, {"标题": "桂林市市场监督管理局农专年报修改信息", "来源部门": "桂林市市场监督管理局", "重点领域": "市场监管", "发布时间": "2021-11-26", "更新时间": "2022-12-04", "开放条件": "无条件开放", "数据量": "3,726", "所属行业": "其他", "更新频率": "每年", "部门电话": "暂无", "部门邮箱": "暂无", "标签": "其他\r\n\t综合政务", "描述": "桂林市市场监督管理局农专年报修改信息", "详情页网址": "https://gl.data.gxzf.gov.cn/gl/catalog/f6af311a07d84ad7bfdded0fe29817a6", "数据格式": "['xls', 'xml', 'json', 'csv', 'rdf']"}, {"标题": "桂林市市场监督管理局12315督办信息", "来源部门": "桂林市市场监督管理局", "重点领域": "市场监管", "发布时间": "2021-11-23", "更新时间": "2022-12-04", "开放条件": "无条件开放", "数据量": "8,877", "所属行业": "其他", "更新频率": "每年", "部门电话": "暂无", "部门邮箱": "暂无", "标签": "其他\r\n\t综合政务", "描述": "桂林市市场监督管理局12315督办信息", "详情页网址": "https://gl.data.gxzf.gov.cn/gl/catalog/950680c2bf6c48e2a3607b5bcd0ef41f", "数据格式": "['xls', 'xml', 'json', 'csv', 'rdf']"}, {"标题": "桂林市市场监督管理局集团基本信息", "来源部门": "桂林市市场监督管理局", "重点领域": "市场监管", "发布时间": "2021-11-26", "更新时间": "2022-12-04", "开放条件": "无条件开放", "数据量": "55", "所属行业": "", "更新频率": "每年", "部门电话": "暂无", "部门邮箱": "暂无", "标签": "", "描述": "桂林市市场监督管理局集团基本信息", "详情页网址": "https://gl.data.gxzf.gov.cn/gl/catalog/7db874d2b0c74b718f20a0d23bdb1246", "数据格式": "['xls', 'xml', 'json', 'csv', 'rdf']"}, {"标题": "桂林市市场监督管理局简易案件当事人信息", "来源部门": "桂林市市场监督管理局", "重点领域": "市场监管", "发布时间": "2021-11-30", "更新时间": "2022-12-04", "开放条件": "有条件开放", "数据量": "3,003", "所属行业": "", "更新频率": "每年", "部门电话": "暂无", "部门邮箱": "暂无", "标签": "", "描述": "简易案件当事人信息", "详情页网址": "https://gl.data.gxzf.gov.cn/gl/catalog/14991545d23241e6afe714691a2626f5", "数据格式": "['xls', 'xml', 'json', 'csv', 'rdf']"}, {"标题": "桂林市市场监督管理局行政处罚决定书信息", "来源部门": "桂林市市场监督管理局", "重点领域": "市场监管", "发布时间": "2021-11-15", "更新时间": "2022-12-04", "开放条件": "无条件开放", "数据量": "6,759", "所属行业": "", "更新频率": "每年", "部门电话": "暂无", "部门邮箱": "暂无", "标签": "", "描述": "桂林市工商行政管理局行政处罚决定书信息", "详情页网址": "https://gl.data.gxzf.gov.cn/gl/catalog/aff3dbcc29d643ee970ca4a0383eb825", "数据格式": "['xls', 'xml', 'json', 'csv', 'rdf']"}, {"标题": "桂林市市场监督管理局商标案件维权人信息", "来源部门": "桂林市市场监督管理局", "重点领域": "市场监管", "发布时间": "2021-11-23", "更新时间": "2022-12-04", "开放条件": "无条件开放", "数据量": "229", "所属行业": "", "更新频率": "每年", "部门电话": "暂无", "部门邮箱": "暂无", "标签": "", "描述": "桂林市工商行政管理局商标案件维权人信息", "详情页网址": "https://gl.data.gxzf.gov.cn/gl/catalog/dd547fcff5ee4337af941e2ba4fba100", "数据格式": "['xls', 'xml', 'json', 'csv', 'rdf']"}, {"标题": "桂林市市场监督管理局历史名称信息", "来源部门": "桂林市市场监督管理局", "重点领域": "市场监管", "发布时间": "2021-11-23", "更新时间": "2022-12-04", "开放条件": "无条件开放", "数据量": "2,674", "所属行业": "", "更新频率": "每半年", "部门电话": "暂无", "部门邮箱": "暂无", "标签": "", "描述": "桂林市工商行政管理局历史名称信息", "详情页网址": "https://gl.data.gxzf.gov.cn/gl/catalog/27edd5c346674572bd7c1f2e6820390f", "数据格式": "['xls', 'xml', 'json', 'csv', 'rdf']"}, {"标题": "桂林市市场监督管理局企业外部审计情况", "来源部门": "桂林市工商业联合会", "重点领域": "其他", "发布时间": "2021-11-23", "更新时间": "2022-12-04", "开放条件": "无条件开放", "数据量": "800", "所属行业": "", "更新频率": "每年", "部门电话": "暂无", "部门邮箱": "暂无", "标签": "", "描述": "桂林市工商行政管理局企业外部审计情况", "详情页网址": "https://gl.data.gxzf.gov.cn/gl/catalog/02d663ddae214d65bb8af686b2d37a3e", "数据格式": "['xls', 'xml', 'json', 'csv', 'rdf']"}, {"标题": "桂林市市场监督行政管理局企业公示_行政处罚信息", "来源部门": "桂林市市场监督管理局", "重点领域": "市场监管", "发布时间": "2021-11-26", "更新时间": "2022-12-04", "开放条件": "无条件开放", "数据量": "115", "所属行业": "", "更新频率": "每年", "部门电话": "暂无", "部门邮箱": "暂无", "标签": "", "描述": "桂林市市场监督行政管理局企业公示_行政处罚信息", "详情页网址": "https://gl.data.gxzf.gov.cn/gl/catalog/7509d3e3597546e38ab381f49a24aaf9", "数据格式": "['xls', 'xml', 'json', 'csv', 'rdf']"}, {"标题": "桂林市市场监督管理局动产抵押变更信息", "来源部门": "桂林市市场监督管理局", "重点领域": "市场监管", "发布时间": "2021-11-23", "更新时间": "2022-12-04", "开放条件": "无条件开放", "数据量": "65", "所属行业": "", "更新频率": "每年", "部门电话": "暂无", "部门邮箱": "暂无", "标签": "", "描述": "动产抵押变更信息", "详情页网址": "https://gl.data.gxzf.gov.cn/gl/catalog/2ac7e530e0f64b37bdd8d6fb30370f32", "数据格式": "['xls', 'xml', 'json', 'csv', 'rdf']"}, {"标题": "桂林市市场监督管理局企业公示_出资人实缴明细", "来源部门": "桂林市市场监督管理局", "重点领域": "市场监管", "发布时间": "2021-11-26", "更新时间": "2022-12-04", "开放条件": "无条件开放", "数据量": "8,169", "所属行业": "", "更新频率": "每年", "部门电话": "暂无", "部门邮箱": "暂无", "标签": "", "描述": "企业公示_出资人实缴明细", "详情页网址": "https://gl.data.gxzf.gov.cn/gl/catalog/0964386d7fca4cd284d5f7c9dab5bb7f", "数据格式": "['xls', 'xml', 'json', 'csv', 'rdf']"}, {"标题": "桂林市市场监督管理局个体注销信息", "来源部门": "桂林市市场监督管理局", "重点领域": "市场监管", "发布时间": "2021-11-26", "更新时间": "2022-12-04", "开放条件": "无条件开放", "数据量": "11,080", "所属行业": "", "更新频率": "每年", "部门电话": "暂无", "部门邮箱": "暂无", "标签": "", "描述": "个体注销信息", "详情页网址": "https://gl.data.gxzf.gov.cn/gl/catalog/e4548f663f824de3aace81df4b61c3d8", "数据格式": "['xls', 'xml', 'json', 'csv', 'rdf', 'api']"}, {"标题": "桂林市市场监督管理局清算基本信息", "来源部门": "桂林市市场监督管理局", "重点领域": "市场监管", "发布时间": "2021-11-23", "更新时间": "2022-12-04", "开放条件": "无条件开放", "数据量": "6,302", "所属行业": "", "更新频率": "每年", "部门电话": "暂无", "部门邮箱": "暂无", "标签": "", "描述": "桂林市市场监督管理局清算基本信息", "详情页网址": "https://gl.data.gxzf.gov.cn/gl/catalog/32e19899ae43494d949c4bc903d55bab", "数据格式": "['xls', 'xml', 'json', 'csv', 'rdf']"}, {"标题": "桂林市市场监督管理局吊销企业法定代表人黑名单信息", "来源部门": "桂林市市场监督管理局", "重点领域": "市场监管", "发布时间": "2021-11-23", "更新时间": "2022-12-04", "开放条件": "无条件开放", "数据量": "9,319", "所属行业": "", "更新频率": "每年", "部门电话": "暂无", "部门邮箱": "暂无", "标签": "", "描述": "桂林市工商行政管理局吊销企业法定代表人黑名单信息", "详情页网址": "https://gl.data.gxzf.gov.cn/gl/catalog/44699a936313456b8a8648fbfcc7cb0e", "数据格式": "['xls', 'xml', 'json', 'csv', 'rdf']"}, {"标题": "桂林市市场监督管理局企业经营异常名录股东信息", "来源部门": "桂林市市场监督管理局", "重点领域": "市场监管", "发布时间": "2021-11-23", "更新时间": "2022-12-04", "开放条件": "无条件开放", "数据量": "37,982", "所属行业": "", "更新频率": "每年", "部门电话": "暂无", "部门邮箱": "暂无", "标签": "", "描述": "桂林市市场监督管理局企业经营异常名录股东信息", "详情页网址": "https://gl.data.gxzf.gov.cn/gl/catalog/618f23dfd9344ffb8b03470f59f4f460", "数据格式": "['xls', 'xml', 'json', 'csv', 'rdf', 'api']"}, {"标题": "桂林市市场监督管理局个体撤销登记信息", "来源部门": "桂林市市场监督管理局", "重点领域": "市场监管", "发布时间": "2021-11-23", "更新时间": "2022-12-04", "开放条件": "无条件开放", "数据量": "2,359", "所属行业": "", "更新频率": "每年", "部门电话": "暂无", "部门邮箱": "暂无", "标签": "", "描述": "桂林市工商行政管理局个体撤销登记信息", "详情页网址": "https://gl.data.gxzf.gov.cn/gl/catalog/bfaa53d7e39f44098473f425237e985a", "数据格式": "['xls', 'xml', 'json', 'csv', 'rdf']"}, {"标题": "桂林市市场监督管理局12315申诉、举报回复信息", "来源部门": "桂林市市场监督管理局", "重点领域": "市场监管", "发布时间": "2021-11-23", "更新时间": "2022-12-04", "开放条件": "无条件开放", "数据量": "169", "所属行业": "", "更新频率": "每年", "部门电话": "暂无", "部门邮箱": "暂无", "标签": "", "描述": "桂林市市场监督管理局12315申诉、举报回复信息", "详情页网址": "https://gl.data.gxzf.gov.cn/gl/catalog/fcb6ea991741415fae34fd9c834825c8", "数据格式": "['xls', 'xml', 'json', 'csv', 'rdf']"}, {"标题": "桂林市市场监督管理局12315举报反馈信息", "来源部门": "桂林市市场监督管理局", "重点领域": "市场监管", "发布时间": "2021-11-23", "更新时间": "2022-12-04", "开放条件": "无条件开放", "数据量": "2,175", "所属行业": "", "更新频率": "每年", "部门电话": "暂无", "部门邮箱": "暂无", "标签": "", "描述": "桂林市市场监督管理局12315举报反馈信息", "详情页网址": "https://gl.data.gxzf.gov.cn/gl/catalog/6dd676923cd7421d820dd1f36ecbb986", "数据格式": "['xls', 'xml', 'json', 'csv', 'rdf']"}, {"标题": "桂林市市场监督管理局动产抵押权人信息", "来源部门": "桂林市市场监督管理局", "重点领域": "市场监管", "发布时间": "2021-11-26", "更新时间": "2022-12-04", "开放条件": "无条件开放", "数据量": "617", "所属行业": "", "更新频率": "每年", "部门电话": "暂无", "部门邮箱": "暂无", "标签": "", "描述": "动产抵押权人信息", "详情页网址": "https://gl.data.gxzf.gov.cn/gl/catalog/b65fc48c74554722aa24d7731a491618", "数据格式": "['xls', 'xml', 'json', 'csv', 'rdf']"}, {"标题": "桂林市市场监督管理局其他部门公示_行政处罚变更", "来源部门": "桂林市市场监督管理局", "重点领域": "市场监管", "发布时间": "2021-11-23", "更新时间": "2022-12-04", "开放条件": "无条件开放", "数据量": "256", "所属行业": "", "更新频率": "每年", "部门电话": "暂无", "部门邮箱": "暂无", "标签": "", "描述": "桂林市工商行政管理局其他部门公示_行政处罚变更", "详情页网址": "https://gl.data.gxzf.gov.cn/gl/catalog/abe68608577f4350ab0da2b743eafd35", "数据格式": "['xls', 'xml', 'json', 'csv', 'rdf']"}, {"标题": "桂林市市场监督管理局企业公示_股权变更信息", "来源部门": "桂林市市场监督管理局", "重点领域": "市场监管", "发布时间": "2021-11-26", "更新时间": "2022-12-04", "开放条件": "无条件开放", "数据量": "11,000", "所属行业": "", "更新频率": "每年", "部门电话": "暂无", "部门邮箱": "暂无", "标签": "", "描述": "桂林市市场监督管理局企业公示_股权变更信息", "详情页网址": "https://gl.data.gxzf.gov.cn/gl/catalog/69e649e2c5064fa8bd2746191c09bcbf", "数据格式": "['xls', 'xml', 'json', 'csv', 'rdf']"}, {"标题": "桂林市市场监督管理局案件移送信息", "来源部门": "桂林市市场监督管理局", "重点领域": "市场监管", "发布时间": "2021-11-23", "更新时间": "2022-12-04", "开放条件": "无条件开放", "数据量": "23", "所属行业": "", "更新频率": "每年", "部门电话": "暂无", "部门邮箱": "暂无", "标签": "", "描述": "桂林市工商行政管理局案件移送信息", "详情页网址": "https://gl.data.gxzf.gov.cn/gl/catalog/97104ead42f7409397fa4dff439a1aa9", "数据格式": "['xls', 'xml', 'json', 'csv', 'rdf']"}, {"标题": "桂林市市场监督管理局历史法定代表人信息", "来源部门": "桂林市市场监督管理局", "重点领域": "市场监管", "发布时间": "2021-11-26", "更新时间": "2022-12-04", "开放条件": "无条件开放", "数据量": "43,010", "所属行业": "", "更新频率": "每年", "部门电话": "暂无", "部门邮箱": "暂无", "标签": "", "描述": "桂林市市场监督管理局历史法定代表人信息", "详情页网址": "https://gl.data.gxzf.gov.cn/gl/catalog/a460633a995e4c5ba532e89d5c8833cd", "数据格式": "['xls', 'xml', 'json', 'csv', 'rdf']"}, {"标题": "桂林市市场监督管理局企业年报股权变更信息", "来源部门": "桂林市市场监督管理局", "重点领域": "市场监管", "发布时间": "2021-11-23", "更新时间": "2022-12-04", "开放条件": "无条件开放", "数据量": "29,064", "所属行业": "公共管理、社会保障和社会组织", "更新频率": "每年", "部门电话": "暂无", "部门邮箱": "暂无", "标签": "综合政务\r\n\t公共管理、社会保障和社会组织", "描述": "桂林市市场监督管理局企业年报股权变更信息", "详情页网址": "https://gl.data.gxzf.gov.cn/gl/catalog/9b5b866c3a0f42fdabcd1aad597f83e7", "数据格式": "['xls', 'xml', 'json', 'csv', 'rdf']"}, {"标题": "桂林市市场监督管理局企业公示_行政处罚变更", "来源部门": "桂林市市场监督管理局", "重点领域": "市场监管", "发布时间": "2021-11-23", "更新时间": "2022-12-04", "开放条件": "无条件开放", "数据量": "12", "所属行业": "", "更新频率": "每年", "部门电话": "暂无", "部门邮箱": "暂无", "标签": "", "描述": "桂林市工商行政管理局企业公示_行政处罚变更", "详情页网址": "https://gl.data.gxzf.gov.cn/gl/catalog/2abf597ce2394697840e605e7b205c0a", "数据格式": "['xls', 'xml', 'json', 'csv', 'rdf']"}, {"标题": "桂林市市场监督管理局严重违法失信企业名单", "来源部门": "桂林市市场监督管理局", "重点领域": "市场监管", "发布时间": "2021-11-23", "更新时间": "2022-12-04", "开放条件": "无条件开放", "数据量": "10,275", "所属行业": "", "更新频率": "每年", "部门电话": "暂无", "部门邮箱": "暂无", "标签": "", "描述": "桂林市工商行政管理局严重违法失信企业名单", "详情页网址": "https://gl.data.gxzf.gov.cn/gl/catalog/c1c0c8c71e024360b7b76b5a17d1ee26", "数据格式": "['xls', 'xml', 'json', 'csv', 'rdf']"}, {"标题": "桂林市市场监督管理局严重违法公告批量名单信息", "来源部门": "桂林市市场监督管理局", "重点领域": "市场监管", "发布时间": "2021-11-23", "更新时间": "2022-12-04", "开放条件": "无条件开放", "数据量": "4", "所属行业": "", "更新频率": "每年", "部门电话": "暂无", "部门邮箱": "暂无", "标签": "", "描述": "桂林市市场监督管理局严重违法公告批量名单信息", "详情页网址": "https://gl.data.gxzf.gov.cn/gl/catalog/701a75144a0c42efb2b3cfd92770f57a", "数据格式": "['xls', 'xml', 'json', 'csv', 'rdf']"}, {"标题": "桂林市_市场监督局_企业年报海关注册信息", "来源部门": "桂林市市场监督管理局", "重点领域": "市场监管", "发布时间": "2021-11-19", "更新时间": "2022-12-04", "开放条件": "无条件开放", "数据量": "3,866", "所属行业": "", "更新频率": "每半年", "部门电话": "暂无", "部门邮箱": "暂无", "标签": "", "描述": "桂林市工商行政管理局AN_CU_ENTREGINFO", "详情页网址": "https://gl.data.gxzf.gov.cn/gl/catalog/0f61d17abf3e4bb0b2327f515bb07ebe", "数据格式": "['xls', 'xml', 'json', 'rdf']"}, {"标题": "桂林市市场监督管理局12315投诉反馈信息", "来源部门": "桂林市市场监督管理局", "重点领域": "市场监管", "发布时间": "2021-11-26", "更新时间": "2022-12-04", "开放条件": "无条件开放", "数据量": "5,274", "所属行业": "", "更新频率": "每年", "部门电话": "暂无", "部门邮箱": "暂无", "标签": "", "描述": "桂林市市场监督管理局12315投诉反馈信息", "详情页网址": "https://gl.data.gxzf.gov.cn/gl/catalog/2d19625944af48f1b55b5434ac9b6d79", "数据格式": "['xls', 'xml', 'json', 'csv', 'rdf']"}, {"标题": "桂林市市场监督管理局12315分流信息", "来源部门": "桂林市市场监督管理局", "重点领域": "市场监管", "发布时间": "2021-11-23", "更新时间": "2022-12-04", "开放条件": "无条件开放", "数据量": "15,183", "所属行业": "", "更新频率": "每年", "部门电话": "暂无", "部门邮箱": "暂无", "标签": "", "描述": "桂林市市场监督管理局12315分流信息", "详情页网址": "https://gl.data.gxzf.gov.cn/gl/catalog/58a12f71efed4f65b7961a0b2aadbfa9", "数据格式": "['xls', 'xml', 'json', 'csv', 'rdf']"}, {"标题": "桂林市市场监督管理局农专年报社会保险信息", "来源部门": "桂林市市场监督管理局", "重点领域": "市场监管", "发布时间": "2021-11-26", "更新时间": "2022-12-04", "开放条件": "无条件开放", "数据量": "23,345", "所属行业": "", "更新频率": "每年", "部门电话": "暂无", "部门邮箱": "暂无", "标签": "", "描述": "桂林市市场监督管理局农专年报社会保险信息", "详情页网址": "https://gl.data.gxzf.gov.cn/gl/catalog/9d15f1ab38e04471af2221991adcaf6f", "数据格式": "['xls', 'xml', 'json', 'csv', 'rdf']"}, {"标题": "桂林市市场监督管理局农专补充信息", "来源部门": "桂林市市场监督管理局", "重点领域": "市场监管", "发布时间": "2021-11-26", "更新时间": "2022-12-04", "开放条件": "无条件开放", "数据量": "9,391", "所属行业": "", "更新频率": "每年", "部门电话": "暂无", "部门邮箱": "暂无", "标签": "", "描述": "桂林市市场监督管理局农专补充信息", "详情页网址": "https://gl.data.gxzf.gov.cn/gl/catalog/a7b8082d61f5401aae91dc814b62d06f", "数据格式": "['xls', 'xml', 'json', 'csv', 'rdf']"}, {"标题": "桂林市市场监督管理局外资补充信息", "来源部门": "桂林市市场监督管理局", "重点领域": "市场监管", "发布时间": "2021-11-26", "更新时间": "2022-12-04", "开放条件": "无条件开放", "数据量": "2,124", "所属行业": "", "更新频率": "每年", "部门电话": "暂无", "部门邮箱": "暂无", "标签": "", "描述": "桂林市市场监督管理局外资补充信息", "详情页网址": "https://gl.data.gxzf.gov.cn/gl/catalog/1ce02618cae84346b891749a6df58037", "数据格式": "['xls', 'xml', 'json', 'csv', 'rdf']"}, {"标题": "桂林市市场监督管理局网站群公告附件信息表", "来源部门": "桂林市市场监督管理局", "重点领域": "市场监管", "发布时间": "2021-11-23", "更新时间": "2022-12-04", "开放条件": "无条件开放", "数据量": "718", "所属行业": "", "更新频率": "每年", "部门电话": "暂无", "部门邮箱": "暂无", "标签": "", "描述": "网站群公告附件信息表", "详情页网址": "https://gl.data.gxzf.gov.cn/gl/catalog/eb73f888020043f9ab853f74a9ca0cd6", "数据格式": "['xls', 'xml', 'json', 'csv', 'rdf']"}, {"标题": "桂林市市场监督管理局股权冻结信息", "来源部门": "桂林市市场监督管理局", "重点领域": "市场监管", "发布时间": "2021-11-26", "更新时间": "2022-12-04", "开放条件": "无条件开放", "数据量": "2,820", "所属行业": "", "更新频率": "每年", "部门电话": "暂无", "部门邮箱": "暂无", "标签": "", "描述": "股权冻结信息", "详情页网址": "https://gl.data.gxzf.gov.cn/gl/catalog/5d96a120fb16481880debb4aab9a850c", "数据格式": "['xls', 'xml', 'json', 'csv', 'rdf']"}, {"标题": "桂林市市场监督管理局股权变更信息", "来源部门": "桂林市市场监督管理局", "重点领域": "市场监管", "发布时间": "2021-11-30", "更新时间": "2022-12-04", "开放条件": "有条件开放", "数据量": "83", "所属行业": "", "更新频率": "每年", "部门电话": "暂无", "部门邮箱": "暂无", "标签": "", "描述": "桂林市市场监督管理局股权变更信息", "详情页网址": "https://gl.data.gxzf.gov.cn/gl/catalog/9df87c06b4574944bda5b9515be6271c", "数据格式": "['xls', 'xml', 'json', 'csv', 'rdf']"}, {"标题": "桂林市市场监督管理局当事人信息", "来源部门": "桂林市市场监督管理局", "重点领域": "市场监管", "发布时间": "2021-11-23", "更新时间": "2022-12-04", "开放条件": "有条件开放", "数据量": "30,931", "所属行业": "", "更新频率": "每年", "部门电话": "暂无", "部门邮箱": "暂无", "标签": "", "描述": "当事人信息", "详情页网址": "https://gl.data.gxzf.gov.cn/gl/catalog/3b6170a7c46c4b6b90a02e99dc1d015c", "数据格式": "['xls', 'xml', 'json', 'csv', 'rdf']"}, {"标题": "桂林市市场监督管理局集团变更信息", "来源部门": "桂林市市场监督管理局", "重点领域": "市场监管", "发布时间": "2021-11-23", "更新时间": "2022-12-04", "开放条件": "无条件开放", "数据量": "51", "所属行业": "", "更新频率": "每年", "部门电话": "暂无", "部门邮箱": "暂无", "标签": "", "描述": "桂林市市场监督管理局集团变更信息", "详情页网址": "https://gl.data.gxzf.gov.cn/gl/catalog/68a102c4c9b44685b9ce9d7c9177c371", "数据格式": "['xls', 'xml', 'json', 'csv', 'rdf']"}, {"标题": "桂林市市场监督管理局股权出质变更信息", "来源部门": "桂林市市场监督管理局", "重点领域": "其他", "发布时间": "2021-11-23", "更新时间": "2022-12-04", "开放条件": "无条件开放", "数据量": "57", "所属行业": "", "更新频率": "每年", "部门电话": "暂无", "部门邮箱": "暂无", "标签": "", "描述": "桂林市市场监督管理局股权出质变更信息", "详情页网址": "https://gl.data.gxzf.gov.cn/gl/catalog/4122f084098a41e49c08d05725f50996", "数据格式": "['xls', 'xml', 'json', 'csv', 'rdf']"}, {"标题": "桂林市市场监督管理局简易注销信息", "来源部门": "桂林市市场监督管理局", "重点领域": "市场监管", "发布时间": "2021-11-23", "更新时间": "2022-12-04", "开放条件": "无条件开放", "数据量": "1,060", "所属行业": "", "更新频率": "每年", "部门电话": "暂无", "部门邮箱": "暂无", "标签": "", "描述": "桂林市市场监督管理局简易注销信息", "详情页网址": "https://gl.data.gxzf.gov.cn/gl/catalog/82beefc509784573bab1e1c18fd50bac", "数据格式": "['xls', 'xml', 'json', 'csv', 'rdf']"}, {"标题": "桂林市市场监督管理局案源信息", "来源部门": "桂林市市场监督管理局", "重点领域": "市场监管", "发布时间": "2021-11-23", "更新时间": "2022-12-04", "开放条件": "无条件开放", "数据量": "30,864", "所属行业": "", "更新频率": "每年", "部门电话": "暂无", "部门邮箱": "暂无", "标签": "", "描述": "桂林市市场监督管理局案源信息", "详情页网址": "https://gl.data.gxzf.gov.cn/gl/catalog/6c8c543465ae4c79bda3e7c9024af521", "数据格式": "['xls', 'xml', 'json', 'csv', 'rdf']"}, {"标题": "桂林市市场监督管理局委派代表信息", "来源部门": "桂林市市场监督管理局", "重点领域": "市场监管", "发布时间": "2021-11-23", "更新时间": "2022-12-04", "开放条件": "有条件开放", "数据量": "2,443", "所属行业": "", "更新频率": "每年", "部门电话": "暂无", "部门邮箱": "暂无", "标签": "", "描述": "桂林市市场监督管理局委派代表信息", "详情页网址": "https://gl.data.gxzf.gov.cn/gl/catalog/1670d190ba7e4e10adde615f09fc51a8", "数据格式": "['xls', 'xml', 'json', 'csv', 'rdf']"}, {"标题": "桂林市市场监督管理局企业公示_许可变更信息", "来源部门": "桂林市市场监督管理局", "重点领域": "市场监管", "发布时间": "2021-11-26", "更新时间": "2022-12-04", "开放条件": "无条件开放", "数据量": "1,529", "所属行业": "", "更新频率": "每年", "部门电话": "暂无", "部门邮箱": "暂无", "标签": "", "描述": "企业公示_许可变更信息", "详情页网址": "https://gl.data.gxzf.gov.cn/gl/catalog/0f0c128ec22a40b98a262ff80b5afbc4", "数据格式": "['xls', 'xml', 'json', 'csv', 'rdf']"}, {"标题": "桂林市市场监督管理局企业公示_出资人认缴明细", "来源部门": "桂林市市场监督管理局", "重点领域": "市场监管", "发布时间": "2021-11-26", "更新时间": "2022-12-04", "开放条件": "无条件开放", "数据量": "1,536", "所属行业": "", "更新频率": "每年", "部门电话": "暂无", "部门邮箱": "暂无", "标签": "", "描述": "桂林市市场监督管理局企业公示_出资人认缴明细", "详情页网址": "https://gl.data.gxzf.gov.cn/gl/catalog/b15b956fd3b44c4f82bdd9a7b4e2bf14", "数据格式": "['xls', 'xml', 'json', 'csv', 'rdf']"}, {"标题": "桂林市市场监督管理局动产抵押物信息", "来源部门": "桂林市市场监督管理局", "重点领域": "市场监管", "发布时间": "2021-11-23", "更新时间": "2022-12-04", "开放条件": "无条件开放", "数据量": "3,718", "所属行业": "", "更新频率": "每年", "部门电话": "暂无", "部门邮箱": "暂无", "标签": "", "描述": "桂林市市场监督管理局动产抵押物信息", "详情页网址": "https://gl.data.gxzf.gov.cn/gl/catalog/6671e28eab664cd98b03194ad11fed1c", "数据格式": "['xls', 'xml', 'json', 'csv', 'rdf']"}, {"标题": "桂林市市场监督管理局清算成员信息", "来源部门": "桂林市市场监督管理局", "重点领域": "市场监管", "发布时间": "2021-11-26", "更新时间": "2022-12-04", "开放条件": "无条件开放", "数据量": "12,604", "所属行业": "", "更新频率": "每年", "部门电话": "暂无", "部门邮箱": "暂无", "标签": "", "描述": "桂林市市场监督管理局清算成员信息", "详情页网址": "https://gl.data.gxzf.gov.cn/gl/catalog/304751dbc1044202aa97d71e873d45a3", "数据格式": "['xls', 'xml', 'json', 'csv', 'rdf']"}, {"标题": "桂林市市场监督管理局撤销登记信息", "来源部门": "桂林市市场监督管理局", "重点领域": "市场监管", "发布时间": "2021-11-23", "更新时间": "2022-12-04", "开放条件": "无条件开放", "数据量": "200", "所属行业": "", "更新频率": "每年", "部门电话": "暂无", "部门邮箱": "暂无", "标签": "", "描述": "桂林市市场监督管理局撤销登记信息", "详情页网址": "https://gl.data.gxzf.gov.cn/gl/catalog/bf3085f8ba88494a8a96b02a2c604575", "数据格式": "['xls', 'xml', 'json', 'csv', 'rdf']"}, {"标题": "桂林市市场监督管理局农专年报分支机构信息", "来源部门": "桂林市市场监督管理局", "重点领域": "市场监管", "发布时间": "2021-11-23", "更新时间": "2022-12-04", "开放条件": "无条件开放", "数据量": "267", "所属行业": "", "更新频率": "每年", "部门电话": "暂无", "部门邮箱": "暂无", "标签": "", "描述": "桂林市工商行政管理局农专年报分支机构信息", "详情页网址": "https://gl.data.gxzf.gov.cn/gl/catalog/75898acc17164eb0b7e310c18352cbe3", "数据格式": "['xls', 'xml', 'json', 'csv', 'rdf']"}, {"标题": "桂林市市场监督管理局企业年报对外投资信息", "来源部门": "桂林市市场监督管理局", "重点领域": "市场监管", "发布时间": "2021-11-23", "更新时间": "2022-12-04", "开放条件": "无条件开放", "数据量": "6,788", "所属行业": "", "更新频率": "每年", "部门电话": "暂无", "部门邮箱": "暂无", "标签": "", "描述": "桂林市市场监督管理局企业年报对外投资信息", "详情页网址": "https://gl.data.gxzf.gov.cn/gl/catalog/7325a23da6bb4f9192c1efe732e45696", "数据格式": "['xls', 'xml', 'json', 'csv', 'rdf']"}, {"标题": "桂林市市场监督管理局个体吊销信息", "来源部门": "桂林市市场监督管理局", "重点领域": "市场监管", "发布时间": "2021-11-23", "更新时间": "2022-12-04", "开放条件": "无条件开放", "数据量": "10,471", "所属行业": "", "更新频率": "每年", "部门电话": "暂无", "部门邮箱": "暂无", "标签": "", "描述": "桂林市工商行政管理局个体吊销信息", "详情页网址": "https://gl.data.gxzf.gov.cn/gl/catalog/2c5ad4fe9c4c4d5fbc62dde804d90a06", "数据格式": "['xls', 'xml', 'json', 'csv', 'rdf']"}, {"标题": "桂林市市场监督管理局严重违法失信企业详细信息", "来源部门": "桂林市市场监督管理局", "重点领域": "市场监管", "发布时间": "2021-11-23", "更新时间": "2022-12-04", "开放条件": "无条件开放", "数据量": "13,370", "所属行业": "", "更新频率": "每年", "部门电话": "暂无", "部门邮箱": "暂无", "标签": "", "描述": "桂林市工商行政管理局严重违法失信企业详细信息", "详情页网址": "https://gl.data.gxzf.gov.cn/gl/catalog/a0b7e590f55149d2992fbe3d247f700b", "数据格式": "['xls', 'xml', 'json', 'csv', 'rdf']"}, {"标题": "桂林市市场监督管理局12315回访信息", "来源部门": "桂林市市场监督管理局", "重点领域": "市场监管", "发布时间": "2021-11-26", "更新时间": "2022-12-04", "开放条件": "无条件开放", "数据量": "155", "所属行业": "", "更新频率": "每年", "部门电话": "暂无", "部门邮箱": "暂无", "标签": "", "描述": "桂林市市场监督管理局12315回访信息", "详情页网址": "https://gl.data.gxzf.gov.cn/gl/catalog/e0873142ff63493d9f3e6bcabc82cf20", "数据格式": "['xls', 'xml', 'json', 'csv', 'rdf']"}, {"标题": "桂林市市场监督管理局12315调解信息", "来源部门": "桂林市市场监督管理局", "重点领域": "市场监管", "发布时间": "2021-11-26", "更新时间": "2022-12-04", "开放条件": "无条件开放", "数据量": "5,280", "所属行业": "", "更新频率": "每年", "部门电话": "暂无", "部门邮箱": "暂无", "标签": "", "描述": "桂林市市场监督管理局12315调解信息", "详情页网址": "https://gl.data.gxzf.gov.cn/gl/catalog/443cef7effe94270a18fd9fb264d8b31", "数据格式": "['xls', 'xml', 'json', 'csv', 'rdf']"}, {"标题": "桂林市市场监督管理局动产抵押被担保主债权信息", "来源部门": "桂林市市场监督管理局", "重点领域": "市场监管", "发布时间": "2021-11-26", "更新时间": "2022-12-04", "开放条件": "无条件开放", "数据量": "663", "所属行业": "", "更新频率": "每年", "部门电话": "暂无", "部门邮箱": "暂无", "标签": "", "描述": "动产抵押被担保主债权信息", "详情页网址": "https://gl.data.gxzf.gov.cn/gl/catalog/7f489700fc4c45989b782635a3b2dcc4", "数据格式": "['xls', 'xml', 'json', 'csv', 'rdf']"}, {"标题": "桂林市市场监督管理局案件基本信息", "来源部门": "桂林市市场监督管理局", "重点领域": "市场监管", "发布时间": "2021-11-26", "更新时间": "2022-12-04", "开放条件": "无条件开放", "数据量": "31,650", "所属行业": "", "更新频率": "每年", "部门电话": "暂无", "部门邮箱": "暂无", "标签": "", "描述": "案件基本信息", "详情页网址": "https://gl.data.gxzf.gov.cn/gl/catalog/7dad06925b8a432caf6756f2e5dd87e7", "数据格式": "['xls', 'xml', 'json', 'csv', 'rdf']"}, {"标题": "桂林市市场监督管理局简易案件基本信息", "来源部门": "桂林市市场监督管理局", "重点领域": "市场监管", "发布时间": "2021-11-26", "更新时间": "2022-12-04", "开放条件": "无条件开放", "数据量": "3,003", "所属行业": "", "更新频率": "每年", "部门电话": "暂无", "部门邮箱": "暂无", "标签": "", "描述": "简易案件基本信息", "详情页网址": "https://gl.data.gxzf.gov.cn/gl/catalog/eda729dfe01d488b8d37365f853572c8", "数据格式": "['xls', 'xml', 'json', 'csv', 'rdf']"}, {"标题": "桂林市市场监督管理局股权冻结被执行人信息", "来源部门": "桂林市市场监督管理局", "重点领域": "市场监管", "发布时间": "2021-11-23", "更新时间": "2022-12-04", "开放条件": "无条件开放", "数据量": "2,820", "所属行业": "", "更新频率": "每年", "部门电话": "暂无", "部门邮箱": "暂无", "标签": "", "描述": "桂林市市场监督管理局股权冻结被执行人信息", "详情页网址": "https://gl.data.gxzf.gov.cn/gl/catalog/6b9cfa61c8c043feaa8795404ab615c6", "数据格式": "['xls', 'xml', 'json', 'csv', 'rdf']"}, {"标题": "桂林市市场监督管理局行政处罚信息", "来源部门": "桂林市市场监督管理局", "重点领域": "市场监管", "发布时间": "2021-11-26", "更新时间": "2022-12-04", "开放条件": "无条件开放", "数据量": "7,727", "所属行业": "", "更新频率": "每年", "部门电话": "暂无", "部门邮箱": "暂无", "标签": "", "描述": "桂林市市场监督管理局行政处罚信息", "详情页网址": "https://gl.data.gxzf.gov.cn/gl/catalog/2972100a2eaa4da382f9c22a144ba964", "数据格式": "['xls', 'xml', 'json', 'csv', 'rdf']"}, {"标题": "桂林市营运车辆GPS信息", "来源部门": "桂林市交通运输局", "重点领域": "交通运输", "发布时间": "2022-10-13", "更新时间": "2022-10-14", "开放条件": "有条件开放", "数据量": "188,601,534", "所属行业": "交通运输、仓储和邮政业", "更新频率": "每季度", "部门电话": "暂无", "部门邮箱": "暂无", "标签": "工业、交通、邮政\r\n\t交通运输、仓储和邮政业", "描述": "桂林市营运车辆GPS信息,包括位置经纬度,车牌等信息", "详情页网址": "https://gl.data.gxzf.gov.cn/gl/catalog/57a2c419393c480dbac5dc0f57aba489", "数据格式": "['xls', 'json', 'csv', 'api']"}, {"标题": "桂林市营运车辆信息", "来源部门": "桂林市交通运输局", "重点领域": "交通运输", "发布时间": "2022-10-09", "更新时间": "2022-10-09", "开放条件": "有条件开放", "数据量": "1,724", "所属行业": "交通运输、仓储和邮政业", "更新频率": "每季度", "部门电话": "暂无", "部门邮箱": "暂无", "标签": "交通运输、仓储和邮政业\r\n\t工业、交通、邮政", "描述": "包括运营车辆车主,驾驶员,所属业主等信息", "详情页网址": "https://gl.data.gxzf.gov.cn/gl/catalog/bed33b5c59b04e5e853bc8aa29e231d2", "数据格式": "['xls', 'json', 'csv']"}, {"标题": "桂林市市场监督管理局食品生产许可--（新办）", "来源部门": "桂林市市场监督管理局", "重点领域": "商贸流通", "发布时间": "2021-11-23", "更新时间": "2022-09-15", "开放条件": "无条件开放", "数据量": "33", "所属行业": "", "更新频率": "每年", "部门电话": "暂无", "部门邮箱": "暂无", "标签": "", "描述": "食品生产许可(新办),包含事项名称、证件号码、登记人或单位、联系电话、提供单位、日期、备注信息等信息", "详情页网址": "https://gl.data.gxzf.gov.cn/gl/catalog/36bc194f6b7d4f63b9a9dcb973b0427b", "数据格式": "['xls', 'xml', 'json', 'csv', 'rdf']"}, {"标题": "桂林市市场监督管理局医疗器械经营许可证--登记事项变更", "来源部门": "桂林市市场监督管理局", "重点领域": "商贸流通", "发布时间": "2021-11-23", "更新时间": "2022-09-15", "开放条件": "无条件开放", "数据量": "24", "所属行业": "", "更新频率": "每年", "部门电话": "暂无", "部门邮箱": "暂无", "标签": "", "描述": "医疗器械经营许可证登记事项变更,包含事项名称、证件号码、登记人或单位、日期、备注信息等信息", "详情页网址": "https://gl.data.gxzf.gov.cn/gl/catalog/4bf1dedd422747c584eee18346c4789c", "数据格式": "['xls', 'xml', 'json', 'csv', 'rdf']"}, {"标题": "桂林市市场监督管理局股权出质设立--登记", "来源部门": "桂林市市场监督管理局", "重点领域": "商贸流通", "发布时间": "2021-11-23", "更新时间": "2022-09-15", "开放条件": "无条件开放", "数据量": "20", "所属行业": "", "更新频率": "每年", "部门电话": "暂无", "部门邮箱": "暂无", "标签": "", "描述": "股权出质设立登记,包含事项名称、证件号码、登记人或单位、联系电话、提供单位、日期、备注信息等信息", "详情页网址": "https://gl.data.gxzf.gov.cn/gl/catalog/3cf85384be6f45b8b4eac9efd48982e5", "数据格式": "['xls', 'xml', 'json', 'csv', 'rdf']"}, {"标题": "桂林市市场监督管理局抽查结果信息", "来源部门": "桂林市市场监督管理局", "重点领域": "市场监管", "发布时间": "2021-11-23", "更新时间": "2022-09-15", "开放条件": "无条件开放", "数据量": "227", "所属行业": "", "更新频率": "每年", "部门电话": "暂无", "部门邮箱": "暂无", "标签": "", "描述": "抽查结果信息", "详情页网址": "https://gl.data.gxzf.gov.cn/gl/catalog/6c2c5c964a334b58810e34d1824f6df8", "数据格式": "['xls', 'xml', 'json', 'csv', 'rdf']"}, {"标题": "桂林市市场监督管理局行政处罚变更信息", "来源部门": "桂林市市场监督管理局", "重点领域": "市场监管", "发布时间": "2021-11-23", "更新时间": "2022-09-15", "开放条件": "无条件开放", "数据量": "13", "所属行业": "", "更新频率": "每年", "部门电话": "暂无", "部门邮箱": "暂无", "标签": "", "描述": "桂林市工商行政管理局行政处罚变更信息", "详情页网址": "https://gl.data.gxzf.gov.cn/gl/catalog/8ee399ad6dbc4fb285d74b8e9650e4f4", "数据格式": "['xls', 'xml', 'json', 'csv', 'rdf']"}, {"标题": "桂林市市场监督管理局个体经营异常标记信息", "来源部门": "桂林市市场监督管理局", "重点领域": "市场监管", "发布时间": "2021-11-23", "更新时间": "2022-09-15", "开放条件": "无条件开放", "数据量": "80", "所属行业": "", "更新频率": "每年", "部门电话": "暂无", "部门邮箱": "暂无", "标签": "", "描述": "桂林市市场监督管理局个体经营异常标记信息", "详情页网址": "https://gl.data.gxzf.gov.cn/gl/catalog/66ef15d9627b4dd6934c0bf28a1cb044", "数据格式": "['xls', 'xml', 'json', 'csv', 'rdf']"}, {"标题": "桂林市住房公积金管理中心_住房公积金贷款（建造,翻新,大修）--登记", "来源部门": "桂林市住房公积金管理中心", "重点领域": "城建住房", "发布时间": "2021-11-23", "更新时间": "2022-09-15", "开放条件": "无条件开放", "数据量": "19", "所属行业": "", "更新频率": "每年", "部门电话": "暂无", "部门邮箱": "暂无", "标签": "", "描述": "包含事项名称、证件号码、登记人或单位、联系电话、提供单位、日期、备注信息等信息", "详情页网址": "https://gl.data.gxzf.gov.cn/gl/catalog/781b7580634a4a8eb263d28e3abcd911", "数据格式": "['xls', 'json', 'csv', 'rdf']"}, {"标题": "桂林市市场监督管理局企业异常名录信息", "来源部门": "桂林市市场监督管理局", "重点领域": "市场监管", "发布时间": "2021-11-23", "更新时间": "2022-09-15", "开放条件": "无条件开放", "数据量": "4,836", "所属行业": "", "更新频率": "每年", "部门电话": "暂无", "部门邮箱": "暂无", "标签": "", "描述": "桂林市市场监督管理局企业异常名录信息", "详情页网址": "https://gl.data.gxzf.gov.cn/gl/catalog/55878ce9ae564ac2bf751afdc64bd326", "数据格式": "['xls', 'xml', 'json', 'csv', 'rdf']"}, {"标题": "桂林市_住房公积金管理中心_住房公积金贷款（一手房）--登记", "来源部门": "桂林市住房公积金管理中心", "重点领域": "城建住房", "发布时间": "2021-11-23", "更新时间": "2022-09-15", "开放条件": "无条件开放", "数据量": "675", "所属行业": "", "更新频率": "每年", "部门电话": "暂无", "部门邮箱": "暂无", "标签": "", "描述": "包含事项名称、证件号码、登记人或单位、联系电话、提供单位、日期、备注信息等信息", "详情页网址": "https://gl.data.gxzf.gov.cn/gl/catalog/86b22ce1587f4e2e8033d5d4d8acb105", "数据格式": "['xls', 'json', 'csv', 'rdf']"}, {"标题": "桂林市住房公积金管理中心_住房公积金提取（偿还购建房贷款）--登记", "来源部门": "桂林市住房公积金管理中心", "重点领域": "城建住房", "发布时间": "2021-11-23", "更新时间": "2022-09-15", "开放条件": "无条件开放", "数据量": "2,450", "所属行业": "", "更新频率": "每年", "部门电话": "暂无", "部门邮箱": "暂无", "标签": "", "描述": "包含事项名称、证件号码、登记人或单位、联系电话、提供单位、日期、备注信息等信息", "详情页网址": "https://gl.data.gxzf.gov.cn/gl/catalog/a7b98e911d5d4abca8842cacc74bc4ce", "数据格式": "['xls', 'xml', 'json', 'csv', 'rdf']"}, {"标题": "桂林市市场监督管理局企业异常名录详细信息", "来源部门": "桂林市市场监督管理局", "重点领域": "市场监管", "发布时间": "2021-11-23", "更新时间": "2022-09-15", "开放条件": "无条件开放", "数据量": "3,718", "所属行业": "", "更新频率": "每年", "部门电话": "暂无", "部门邮箱": "暂无", "标签": "", "描述": "桂林市市场监督管理局企业异常名录详细信息", "详情页网址": "https://gl.data.gxzf.gov.cn/gl/catalog/ddf904de2b3d4a9c9e4f475b61ddbf72", "数据格式": "['xls', 'xml', 'json', 'csv', 'rdf']"}, {"标题": "桂林市_市场监督局_进出口货物收货人备案", "来源部门": "桂林市市场监督管理局", "重点领域": "商业服务", "发布时间": "2022-09-02", "更新时间": "2022-09-03", "开放条件": "有条件开放", "数据量": "6,450,952", "所属行业": "租赁和商务服务业", "更新频率": "每年", "部门电话": "暂无", "部门邮箱": "暂无", "标签": "租赁和商务服务业\r\n\t桂林市\r\n\t商业贸易\r\n\t进出口货物", "描述": "进出口货物收货人备案", "详情页网址": "https://gl.data.gxzf.gov.cn/gl/catalog/a6595070c8d5443097af0dabeec5589f", "数据格式": "['xls', 'json', 'csv', 'api']"}, {"标题": "桂林市市场监督管理局公司--设立登记", "来源部门": "桂林市市场监督管理局", "重点领域": "商贸流通", "发布时间": "2021-11-23", "更新时间": "2022-08-06", "开放条件": "无条件开放", "数据量": "233", "所属行业": "公共管理、社会保障和社会组织", "更新频率": "每年", "部门电话": "暂无", "部门邮箱": "暂无", "标签": "综合政务\r\n\t公共管理、社会保障和社会组织", "描述": "公司设立登记,包含事项名称、证件号码、登记人或单位、联系电话、提供单位、日期、备注信息等信息", "详情页网址": "https://gl.data.gxzf.gov.cn/gl/catalog/aafd301db32d41f2ab54bfbec4a4fa1d", "数据格式": "['xls', 'xml', 'json', 'csv', 'rdf']"}, {"标题": "桂林市市场监督管理局第二类医疗器械经营企业--备案", "来源部门": "桂林市市场监督管理局", "重点领域": "商贸流通", "发布时间": "2021-11-23", "更新时间": "2022-08-06", "开放条件": "无条件开放", "数据量": "26", "所属行业": "卫生和社会工作", "更新频率": "每年", "部门电话": "暂无", "部门邮箱": "暂无", "标签": "综合政务\r\n\t卫生和社会工作", "描述": "第二类医疗器械经营企业备案,包含事项名称、证件号码、登记人或单位、日期、备注信息等信息", "详情页网址": "https://gl.data.gxzf.gov.cn/gl/catalog/9f6006c34637442d9251e969a50d10c1", "数据格式": "['xls', 'xml', 'json', 'csv', 'rdf']"}, {"标题": "桂林市卫生健康委员会放射源诊疗技术和医用辐射机构许可-新办许可", "来源部门": "桂林市卫生健康委员会", "重点领域": "医疗卫生", "发布时间": "2021-11-23", "更新时间": "2022-08-06", "开放条件": "无条件开放", "数据量": "30", "所属行业": "卫生和社会工作", "更新频率": "每年", "部门电话": "暂无", "部门邮箱": "暂无", "标签": "文化、卫生、体育\r\n\t卫生和社会工作", "描述": "放射源诊疗技术和医用辐射机构许可-新办许可,包含登记单位、联系电话、登记日期、处置单位等信息", "详情页网址": "https://gl.data.gxzf.gov.cn/gl/catalog/9cf729646b814cb49094075438be0672", "数据格式": "['xls', 'xml', 'json', 'csv', 'rdf']"}, {"标题": "桂林市卫生健康委员会医疗机构执业登记-变更执业登记", "来源部门": "桂林市卫生健康委员会", "重点领域": "医疗卫生", "发布时间": "2021-11-23", "更新时间": "2022-08-06", "开放条件": "无条件开放", "数据量": "24", "所属行业": "卫生和社会工作", "更新频率": "每年", "部门电话": "暂无", "部门邮箱": "暂无", "标签": "文化、卫生、体育\r\n\t卫生和社会工作", "描述": "医疗机构执业登记-变更执业登记,包含登记单位、联系电话、日期、登记日期、备注信息等信息", "详情页网址": "https://gl.data.gxzf.gov.cn/gl/catalog/6bc171ed310447ae80348ca3427e4b1a", "数据格式": "['xls', 'xml', 'json', 'csv', 'rdf']"}, {"标题": "桂林市卫生健康委员会放射源诊疗技术和医用辐射机构许可-注销许可", "来源部门": "桂林市卫生健康委员会", "重点领域": "医疗卫生", "发布时间": "2021-11-23", "更新时间": "2022-08-06", "开放条件": "无条件开放", "数据量": "24", "所属行业": "卫生和社会工作", "更新频率": "每年", "部门电话": "暂无", "部门邮箱": "暂无", "标签": "卫生和社会工作\r\n\t文化、卫生、体育", "描述": "放射源诊疗技术和医用辐射机构许可-注销许可,包含登记单位、联系电话、日期、处置单位、备注信息等信息", "详情页网址": "https://gl.data.gxzf.gov.cn/gl/catalog/9133732c14ac4419808d16754c15a45b", "数据格式": "['xls', 'xml', 'json', 'csv', 'rdf']"}, {"标题": "桂林市_住房公积金管理中心_住房公积金提取（购房）登记信息", "来源部门": "桂林市住房公积金管理中心", "重点领域": "城建住房", "发布时间": "2021-11-22", "更新时间": "2022-08-06", "开放条件": "无条件开放", "数据量": "2,075", "所属行业": "", "更新频率": "每半年", "部门电话": "暂无", "部门邮箱": "暂无", "标签": "", "描述": "包含事项名称、证件号码、登记人或单位、联系电话、提供单位、日期、备注信息等信息", "详情页网址": "https://gl.data.gxzf.gov.cn/gl/catalog/a46a2873b6d643eb9c4202542a203a56", "数据格式": "['xls', 'xml', 'json', 'csv', 'rdf']"}, {"标题": "桂林市_发展和改革委员会_政府投资项目申请初步设计（含概算）申请信息", "来源部门": "桂林市发展和改革委员会", "重点领域": "其他", "发布时间": "2021-11-23", "更新时间": "2022-08-06", "开放条件": "无条件开放", "数据量": "30", "所属行业": "", "更新频率": "每年", "部门电话": "暂无", "部门邮箱": "暂无", "标签": "", "描述": "包含事项名称、证件号码、登记人或单位、联系电话、提供单位、日期、备注信息等信息", "详情页网址": "https://gl.data.gxzf.gov.cn/gl/catalog/457a3c19fab84edd8c8ac4d1be5743e6", "数据格式": "['xls', 'xml', 'json', 'csv', 'rdf']"}, {"标题": "桂林市司法局律师注销许可", "来源部门": "桂林市司法局", "重点领域": "法律服务", "发布时间": "2021-11-23", "更新时间": "2022-08-06", "开放条件": "无条件开放", "数据量": "26", "所属行业": "公共管理、社会保障和社会组织", "更新频率": "每年", "部门电话": "暂无", "部门邮箱": "暂无", "标签": "公共管理、社会保障和社会组织\r\n\t政法、监察", "描述": "律师注销许可,包含事项名称、证件号码、登记人或单位、联系电话、提供单位、日期、备注信息等信息", "详情页网址": "https://gl.data.gxzf.gov.cn/gl/catalog/9be40a6a7a93407086ff981822e580d1", "数据格式": "['xls', 'xml', 'json', 'csv', 'rdf']"}, {"标题": "桂林市卫生健康委员会母婴保健技术服务机构执业许可-新办执业许可", "来源部门": "桂林市卫生健康委员会", "重点领域": "医疗卫生", "发布时间": "2021-11-23", "更新时间": "2022-08-06", "开放条件": "无条件开放", "数据量": "26", "所属行业": "卫生和社会工作", "更新频率": "每年", "部门电话": "暂无", "部门邮箱": "暂无", "标签": "文化、卫生、体育\r\n\t卫生和社会工作", "描述": "母婴保健技术服务机构执业许可-新办执业许可,包含登记单位、联系电话、日期、处置单位、备注信息等信息", "详情页网址": "https://gl.data.gxzf.gov.cn/gl/catalog/a362b9731d0e4f9f8d429c643cb3cbfa", "数据格式": "['xls', 'xml', 'json', 'csv', 'rdf']"}, {"标题": "桂林市卫生健康委员会饮用水供水单位卫生许可-新办许可", "来源部门": "桂林市卫生健康委员会", "重点领域": "医疗卫生", "发布时间": "2021-11-23", "更新时间": "2022-08-06", "开放条件": "无条件开放", "数据量": "20", "所属行业": "卫生和社会工作", "更新频率": "每年", "部门电话": "暂无", "部门邮箱": "暂无", "标签": "文化、卫生、体育\r\n\t卫生和社会工作", "描述": "饮用水供水单位卫生许可-新办许可,包含登记单位、联系电话、日期、事项、处置单位、备注信息等信息", "详情页网址": "https://gl.data.gxzf.gov.cn/gl/catalog/94839b2f763c43e492bbd7612840bbc7", "数据格式": "['xls', 'xml', 'json', 'csv', 'rdf']"}, {"标题": "桂林市卫生健康委员会麻醉药品和第一类精神药品购用许可-延续有效期", "来源部门": "桂林市卫生健康委员会", "重点领域": "医疗卫生", "发布时间": "2021-11-23", "更新时间": "2022-08-06", "开放条件": "无条件开放", "数据量": "15", "所属行业": "卫生和社会工作", "更新频率": "每年", "部门电话": "暂无", "部门邮箱": "暂无", "标签": "文化、卫生、体育\r\n\t卫生和社会工作", "描述": "麻醉药品和第一类精神药品购用许可-延续有效期,包含登记单位、联系电话、备注、处置单位、备注信息等信息", "详情页网址": "https://gl.data.gxzf.gov.cn/gl/catalog/21998f7a24ff4b7cb64e7f1d43cbf078", "数据格式": "['xls', 'xml', 'json', 'csv', 'rdf']"}, {"标题": "桂林市应急管理局_危险化学品生产,储存建设项目安全条件--审查", "来源部门": "桂林市应急管理局", "重点领域": "其他", "发布时间": "2021-11-23", "更新时间": "2022-08-06", "开放条件": "无条件开放", "数据量": "16", "所属行业": "", "更新频率": "每年", "部门电话": "暂无", "部门邮箱": "暂无", "标签": "", "描述": "包含事项名称、证件号码、事项人或单位、联系电话、提供单位、日期、状态、备注信息、许可证号等信息", "详情页网址": "https://gl.data.gxzf.gov.cn/gl/catalog/399d1a8ee11341829edf047bae106d2e", "数据格式": "['xls', 'xml', 'json', 'csv', 'rdf']"}, {"标题": "桂林市_高新七星区施工图审查", "来源部门": "高新七星区", "重点领域": "城建住房", "发布时间": "2021-11-23", "更新时间": "2022-08-06", "开放条件": "无条件开放", "数据量": "24", "所属行业": "", "更新频率": "每年", "部门电话": "暂无", "部门邮箱": "暂无", "标签": "", "描述": "施工图审查情况备案,包含事项名称、企业名称、单位名称、起止日期、联系电话、状态信息、备注等信息", "详情页网址": "https://gl.data.gxzf.gov.cn/gl/catalog/5f543365efcc4dc1a1901f218a37fc55", "数据格式": "['xls', 'xml', 'json', 'csv', 'rdf']"}, {"标题": "桂林经开区管委会_环境保护设施竣工验收", "来源部门": "桂林经开区管委会", "重点领域": "生态环境", "发布时间": "2021-11-23", "更新时间": "2022-08-06", "开放条件": "无条件开放", "数据量": "18", "所属行业": "", "更新频率": "每年", "部门电话": "暂无", "部门邮箱": "暂无", "标签": "", "描述": "建设项目(固体废物)环境保护设施竣工验收,包含事项名称、证件号码、登记人或单位、联系电话等信息", "详情页网址": "https://gl.data.gxzf.gov.cn/gl/catalog/223ffec4a28b41bd8eeb7af1c47b9ac8", "数据格式": "['xls', 'xml', 'json', 'csv', 'rdf']"}, {"标题": "桂林经开区管委会建筑工程施工许可", "来源部门": "桂林经开区管委会", "重点领域": "城建住房", "发布时间": "2021-11-23", "更新时间": "2022-08-06", "开放条件": "无条件开放", "数据量": "22", "所属行业": "建筑业", "更新频率": "每年", "部门电话": "暂无", "部门邮箱": "暂无", "标签": "建筑业\r\n\t城乡建设、环境保护", "描述": "建筑工程施工许可证核发,包含事项名称、证件号码、登记人或单位、联系电话、日期、备注信息等信息", "详情页网址": "https://gl.data.gxzf.gov.cn/gl/catalog/70904e749624423e9c984f801d4c783f", "数据格式": "['xls', 'xml', 'json', 'csv', 'rdf']"}, {"标题": "桂林市_发展和改革委员会_交通运输服务费收费标准登记信息", "来源部门": "桂林市发展和改革委员会", "重点领域": "交通运输", "发布时间": "2021-11-23", "更新时间": "2022-08-06", "开放条件": "无条件开放", "数据量": "18", "所属行业": "", "更新频率": "每年", "部门电话": "暂无", "部门邮箱": "暂无", "标签": "", "描述": "交通运输,包含事项名称、证件号码、登记人或单位、联系电话、提供单位、日期、备注信息等信息", "详情页网址": "https://gl.data.gxzf.gov.cn/gl/catalog/359292e0990d4d679ecfa2e214a3b224", "数据格式": "['xls', 'xml', 'json', 'csv', 'rdf']"}, {"标题": "桂林市公安局_保安服务公司设立--许可", "来源部门": "桂林市公安局", "重点领域": "公共安全", "发布时间": "2021-11-23", "更新时间": "2022-08-06", "开放条件": "无条件开放", "数据量": "27", "所属行业": "", "更新频率": "每年", "部门电话": "暂无", "部门邮箱": "暂无", "标签": "", "描述": "保安服务公司设立许可,包含事项名称、证件号码、登记人或单位、联系电话、提供单位、日期、备注信息等信息", "详情页网址": "https://gl.data.gxzf.gov.cn/gl/catalog/597c2b94a19845be9c5f054aea30ea23", "数据格式": "['xls', 'xml', 'json', 'csv', 'rdf']"}, {"标题": "桂林市商务局对外贸易经营者备案登记信息", "来源部门": "桂林市商务局", "重点领域": "商贸流通", "发布时间": "2021-11-23", "更新时间": "2022-08-06", "开放条件": "无条件开放", "数据量": "90", "所属行业": "租赁和商务服务业", "更新频率": "每年", "部门电话": "暂无", "部门邮箱": "暂无", "标签": "租赁和商务服务业\r\n\t商业贸易", "描述": "对外贸易经营者备案登记,包含事项名称、证件号码、登记人或单位、日期、备注信息等信息", "详情页网址": "https://gl.data.gxzf.gov.cn/gl/catalog/c51411bb3865468490c6db58a5a5aeb4", "数据格式": "['xls', 'xml', 'json', 'csv', 'rdf']"}, {"标题": "桂林市林业和园林局林业植物检疫证书核发--（省内）", "来源部门": "桂林市林业和园林局", "重点领域": "生态环境", "发布时间": "2021-11-23", "更新时间": "2022-08-06", "开放条件": "无条件开放", "数据量": "43", "所属行业": "农、林、牧、渔业", "更新频率": "每年", "部门电话": "暂无", "部门邮箱": "暂无", "标签": "农业、水利\r\n\t农、林、牧、渔业", "描述": "林业植物检疫证书核发(省内),包含事项名称、证件号码、登记人或单位、日期、备注信息等信息", "详情页网址": "https://gl.data.gxzf.gov.cn/gl/catalog/ad8d800c61b247d6be5318e93f547a7b", "数据格式": "['xls', 'xml', 'json', 'csv', 'rdf']"}, {"标题": "桂林市生态环境局危险废物经营许可", "来源部门": "桂林市生态环境局", "重点领域": "生态环境", "发布时间": "2021-11-23", "更新时间": "2022-08-06", "开放条件": "无条件开放", "数据量": "32", "所属行业": "水利、环境和公共设施管理业", "更新频率": "每年", "部门电话": "暂无", "部门邮箱": "暂无", "标签": "气象、水文、测绘、地震\r\n\t水利、环境和公共设施管理业", "描述": "建设项目(固体废物)环境保护设施竣工验收,包含事项名称、企业名称、状态信息、备注、许可证号等信息", "详情页网址": "https://gl.data.gxzf.gov.cn/gl/catalog/939d4f6d1d6f4fd29e31308cc3f51194", "数据格式": "['xls', 'xml', 'json', 'csv', 'rdf']"}, {"标题": "桂林市农业农村局动物诊疗许可", "来源部门": "桂林市农业农村局", "重点领域": "工业农业", "发布时间": "2021-11-23", "更新时间": "2022-08-06", "开放条件": "无条件开放", "数据量": "24", "所属行业": "农、林、牧、渔业", "更新频率": "每年", "部门电话": "暂无", "部门邮箱": "暂无", "标签": "农、林、牧、渔业\r\n\t农业、水利", "描述": "动物诊疗许可证核发,包含事项名称、证件号码、登记人或单位、联系电话、提供单位、日期、备注信息等信息", "详情页网址": "https://gl.data.gxzf.gov.cn/gl/catalog/a5deb1071bc8408296a2f4cf9f57dba1", "数据格式": "['xls', 'xml', 'json', 'csv', 'rdf']"}, {"标题": "桂林市_市场监督管理局_企业登记迁移调档信息", "来源部门": "桂林市市场监督管理局", "重点领域": "商贸流通", "发布时间": "2021-11-23", "更新时间": "2022-08-06", "开放条件": "无条件开放", "数据量": "30", "所属行业": "", "更新频率": "每半年", "部门电话": "暂无", "部门邮箱": "暂无", "标签": "", "描述": "企业登记迁移调档,包含事项名称、证件号码、登记人或单位、联系电话、提供单位、日期、备注信息等信息", "详情页网址": "https://gl.data.gxzf.gov.cn/gl/catalog/98eefbdcf275461a84bbff7a0381fb1e", "数据格式": "['xls', 'xml', 'json', 'csv', 'rdf']"}, {"标题": "桂林市_市场监督管理局_外商投资企业分支机构变更登记信息", "来源部门": "桂林市市场监督管理局", "重点领域": "商贸流通", "发布时间": "2021-11-23", "更新时间": "2022-08-06", "开放条件": "无条件开放", "数据量": "22", "所属行业": "", "更新频率": "每半年", "部门电话": "暂无", "部门邮箱": "暂无", "标签": "", "描述": "外商投资企业分支机构变更登记,包含事项名称、证件号码、登记人或单位、联系电话、提供单位等信息", "详情页网址": "https://gl.data.gxzf.gov.cn/gl/catalog/e84183689f824cf6853b49539bd98074", "数据格式": "['xls', 'xml', 'json', 'csv', 'rdf']"}, {"标题": "桂林市市场监督管理局科研和教学用毒性药品购买申请", "来源部门": "桂林市市场监督管理局", "重点领域": "市场监管", "发布时间": "2021-11-23", "更新时间": "2022-08-06", "开放条件": "无条件开放", "数据量": "16", "所属行业": "其他", "更新频率": "每年", "部门电话": "暂无", "部门邮箱": "暂无", "标签": "其他\r\n\t政法、监察", "描述": "科研和教学用毒性药品购买报请,包含事项名称、证件号码、登记人或单位、日期、备注信息等信息", "详情页网址": "https://gl.data.gxzf.gov.cn/gl/catalog/d5cea609b621429c833294361cff716e", "数据格式": "['xls', 'xml', 'json', 'csv', 'rdf']"}, {"标题": "桂林市卫生健康委员会医师变更注册（主要执业机构与执业范围）", "来源部门": "桂林市卫生健康委员会", "重点领域": "医疗卫生", "发布时间": "2021-11-23", "更新时间": "2022-08-06", "开放条件": "无条件开放", "数据量": "67", "所属行业": "卫生和社会工作", "更新频率": "每年", "部门电话": "暂无", "部门邮箱": "暂无", "标签": "文化、卫生、体育\r\n\t卫生和社会工作", "描述": "医师变更注册(主要执业机构与执业范围),包含登记单位、联系电话、日期、事项、状态、备注等信息", "详情页网址": "https://gl.data.gxzf.gov.cn/gl/catalog/8962a52b656341f3a38e3e689f7ef3b1", "数据格式": "['xls', 'xml', 'json', 'csv']"}, {"标题": "桂林市文化广电和旅游局_市级文物保护单位建设控制地带内建设工程设计方案申请", "来源部门": "桂林市文化广电和旅游局", "重点领域": "生活服务", "发布时间": "2021-11-23", "更新时间": "2022-08-06", "开放条件": "无条件开放", "数据量": "28", "所属行业": "", "更新频率": "每年", "部门电话": "暂无", "部门邮箱": "暂无", "标签": "", "描述": "包含事项名称、证件号码、登记人或单位、联系电话、提供单位、日期、备注信息等信息", "详情页网址": "https://gl.data.gxzf.gov.cn/gl/catalog/c75f02abbe6c4887b962a45d74178b39", "数据格式": "['xls', 'xml', 'json', 'csv', 'rdf']"}, {"标题": "桂林市_市场监督管理局_外商投资企业设立登记信息", "来源部门": "桂林市市场监督管理局", "重点领域": "商贸流通", "发布时间": "2021-11-23", "更新时间": "2022-08-06", "开放条件": "无条件开放", "数据量": "26", "所属行业": "", "更新频率": "每半年", "部门电话": "暂无", "部门邮箱": "暂无", "标签": "", "描述": "外商投资企业设立登记,包含事项名称、证件号码、登记人或单位、日期、备注信息等信息", "详情页网址": "https://gl.data.gxzf.gov.cn/gl/catalog/e53cdaf9af234204a973f083a922940d", "数据格式": "['xls', 'xml', 'json', 'csv', 'rdf']"}, {"标题": "桂林市_应急管理局_非煤矿山建设项目安全设施设计审查信息", "来源部门": "桂林市应急管理局", "重点领域": "其他", "发布时间": "2021-11-15", "更新时间": "2022-08-06", "开放条件": "无条件开放", "数据量": "18", "所属行业": "", "更新频率": "每年", "部门电话": "暂无", "部门邮箱": "暂无", "标签": "", "描述": "包含事项名称、证件号码、事项人或单位、联系电话、提供单位、日期、状态、备注信息、许可证号等信息", "详情页网址": "https://gl.data.gxzf.gov.cn/gl/catalog/1790c847068f4cd8850ca82db5525675", "数据格式": "['xls', 'xml', 'json', 'csv', 'rdf']"}, {"标题": "桂林市卫生健康委员会护士执业注册-首次（重新）注册", "来源部门": "桂林市卫生健康委员会", "重点领域": "医疗卫生", "发布时间": "2021-11-23", "更新时间": "2022-08-06", "开放条件": "无条件开放", "数据量": "28", "所属行业": "卫生和社会工作", "更新频率": "每年", "部门电话": "暂无", "部门邮箱": "暂无", "标签": "文化、卫生、体育\r\n\t卫生和社会工作", "描述": "护士执业注册-首次(重新)注册,包含登记单位、联系电话、日期、事项、状态、备注、处置单位等信息", "详情页网址": "https://gl.data.gxzf.gov.cn/gl/catalog/d2dcb20178574092b4e02315751a984d", "数据格式": "['xls', 'xml', 'json', 'csv', 'rdf']"}, {"标题": "桂林市_文化广电和旅游局_导游证--核发", "来源部门": "桂林市文化广电和旅游局", "重点领域": "生活服务", "发布时间": "2021-11-19", "更新时间": "2022-08-06", "开放条件": "无条件开放", "数据量": "68", "所属行业": "", "更新频率": "每年", "部门电话": "暂无", "部门邮箱": "暂无", "标签": "", "描述": "导游证核发,包含事项名称、证件号码、登记人或单位、联系电话、提供单位、日期、备注信息等信息", "详情页网址": "https://gl.data.gxzf.gov.cn/gl/catalog/089ddf8af69a40fab95f4c900e336471", "数据格式": "['xls', 'xml', 'json', 'csv', 'rdf']"}, {"标题": "桂林市_住房公积金管理中心_住房公积金提取（与单位终止劳动,人事关系）登记信息", "来源部门": "桂林市住房公积金管理中心", "重点领域": "城建住房", "发布时间": "2021-11-19", "更新时间": "2022-08-06", "开放条件": "无条件开放", "数据量": "1,276", "所属行业": "", "更新频率": "每半年", "部门电话": "暂无", "部门邮箱": "暂无", "标签": "", "描述": "包含事项名称、证件号码、登记人或单位、联系电话、提供单位、日期、备注信息等信息", "详情页网址": "https://gl.data.gxzf.gov.cn/gl/catalog/0f4bb3c170de4fb8a118e2c8cb718550", "数据格式": "['xls', 'xml', 'json', 'csv', 'rdf']"}, {"标题": "桂林市_住房公积金管理中心_住房公积金缴存登记（个人）信息", "来源部门": "桂林市住房公积金管理中心", "重点领域": "城建住房", "发布时间": "2021-11-23", "更新时间": "2022-08-06", "开放条件": "无条件开放", "数据量": "3,939", "所属行业": "", "更新频率": "每半年", "部门电话": "暂无", "部门邮箱": "暂无", "标签": "", "描述": "包含事项名称、证件号码、登记人或单位、联系电话、提供单位、日期、备注信息等信息", "详情页网址": "https://gl.data.gxzf.gov.cn/gl/catalog/2ec4b80914f14a2596cf0d7d6c8f6ef1", "数据格式": "['xls', 'xml', 'json', 'csv', 'rdf']"}, {"标题": "桂林经开区管委会环境保护设施竣工验收", "来源部门": "桂林经开区管委会", "重点领域": "生态环境", "发布时间": "2021-11-23", "更新时间": "2022-08-06", "开放条件": "无条件开放", "数据量": "12", "所属行业": "水利、环境和公共设施管理业", "更新频率": "每年", "部门电话": "暂无", "部门邮箱": "暂无", "标签": "水利、环境和公共设施管理业\r\n\t综合政务", "描述": "包含事项名称、证件号码、登记人或单位、联系电话、提供单位、日期、备注信息等信息", "详情页网址": "https://gl.data.gxzf.gov.cn/gl/catalog/6baf92000b6a41e4891c166b26dbbe12", "数据格式": "['xls', 'xml', 'json', 'csv', 'rdf']"}, {"标题": "桂林市不动产登记和房产交易中心国有建设用地使用权首次登记信息", "来源部门": "桂林市不动产登记和房产交易中心", "重点领域": "城建住房", "发布时间": "2021-11-23", "更新时间": "2022-08-06", "开放条件": "无条件开放", "数据量": "22", "所属行业": "房地产业", "更新频率": "每年", "部门电话": "暂无", "部门邮箱": "暂无", "标签": "城乡建设、环境保护\r\n\t房地产业", "描述": "国有建设用地使用权首次登记,包含事项名称、证件号码、登记人或单位、联系电话、日期、备注信息等信息", "详情页网址": "https://gl.data.gxzf.gov.cn/gl/catalog/427ca929c8c9474aa79c4bbf0d6a619e", "数据格式": "['xls', 'xml', 'json', 'csv', 'rdf']"}, {"标题": "桂林市_不动产登记和房产交易中心_抵押权注销登记信息", "来源部门": "桂林市不动产登记和房产交易中心", "重点领域": "城建住房", "发布时间": "2021-11-23", "更新时间": "2022-08-06", "开放条件": "无条件开放", "数据量": "29", "所属行业": "", "更新频率": "每年", "部门电话": "暂无", "部门邮箱": "暂无", "标签": "", "描述": "抵押权注销登记,包含事项名称、证件号码、登记人或单位、联系电话、提供单位、日期、备注信息等信息", "详情页网址": "https://gl.data.gxzf.gov.cn/gl/catalog/4112c691d2cd444bb6a999a4278e0901", "数据格式": "['xls', 'xml', 'json', 'csv', 'rdf']"}, {"标题": "桂林市教育局民办高级中学,中等职业学校变更申请", "来源部门": "桂林市教育局", "重点领域": "教育文化", "发布时间": "2021-11-23", "更新时间": "2022-08-06", "开放条件": "无条件开放", "数据量": "13", "所属行业": "教育", "更新频率": "每年", "部门电话": "暂无", "部门邮箱": "暂无", "标签": "科技、教育", "描述": "民办高级中学、中等职业学校变更报请,包含事项名称、证件号码、登记人或单位、联系电话、提供单位等信息", "详情页网址": "https://gl.data.gxzf.gov.cn/gl/catalog/20054080bf074a7b92d7eb694ccaebbc", "数据格式": "['xls', 'xml', 'json', 'csv', 'rdf']"}, {"标题": "桂林市气象局升放无人驾驶自由气球或者系留气球活动申请", "来源部门": "桂林市气象局", "重点领域": "气象服务", "发布时间": "2021-11-23", "更新时间": "2022-08-06", "开放条件": "无条件开放", "数据量": "65", "所属行业": "水利、环境和公共设施管理业", "更新频率": "每年", "部门电话": "暂无", "部门邮箱": "暂无", "标签": "气象、水文、测绘、地震\r\n\t水利、环境和公共设施管理业", "描述": "升放无人驾驶自由气球或者系留气球活动报请,包含事项名称、提供单位、日期、备注信息等信息", "详情页网址": "https://gl.data.gxzf.gov.cn/gl/catalog/d050e88f8b2a4834a5dda7130233fde6", "数据格式": "['xls', 'xml', 'json', 'csv', 'rdf']"}, {"标题": "桂林市人社局公益性岗位社会保险补贴申领信息", "来源部门": "桂林市人社局", "重点领域": "生活服务", "发布时间": "2021-11-23", "更新时间": "2022-08-06", "开放条件": "无条件开放", "数据量": "70", "所属行业": "公共管理、社会保障和社会组织", "更新频率": "每年", "部门电话": "暂无", "部门邮箱": "暂无", "标签": "劳动、人事\r\n\t公共管理、社会保障和社会组织", "描述": "公益性岗位社会保险补贴申领,包含事项名称、证件号码、登记人或单位、日期、备注信息等信息", "详情页网址": "https://gl.data.gxzf.gov.cn/gl/catalog/cf770835375b40c291b27cad6aa2c8b1", "数据格式": "['xls', 'xml', 'json', 'csv', 'rdf']"}, {"标题": "桂林市卫生健康委员会限制临床应用医疗技术备案", "来源部门": "桂林市卫生健康委员会", "重点领域": "医疗卫生", "发布时间": "2021-11-23", "更新时间": "2022-08-06", "开放条件": "无条件开放", "数据量": "27", "所属行业": "卫生和社会工作", "更新频率": "每年", "部门电话": "暂无", "部门邮箱": "暂无", "标签": "卫生和社会工作\r\n\t文化、卫生、体育", "描述": "限制临床应用医疗技术备案,包含登记单位、联系电话、日期、登记日期、事项、处置单位、备注信息等信息", "详情页网址": "https://gl.data.gxzf.gov.cn/gl/catalog/956a1e7b68a946aa9e9aee8575e53d06", "数据格式": "['xls', 'xml', 'json', 'csv', 'rdf']"}, {"标题": "桂林市_住房公积金管理中心_住房公积金贷款（二手房）登记信息", "来源部门": "桂林市住房公积金管理中心", "重点领域": "城建住房", "发布时间": "2021-11-23", "更新时间": "2022-08-06", "开放条件": "无条件开放", "数据量": "187", "所属行业": "", "更新频率": "每半年", "部门电话": "暂无", "部门邮箱": "暂无", "标签": "", "描述": "包含事项名称、证件号码、登记人或单位、联系电话、提供单位、日期、备注信息等信息", "详情页网址": "https://gl.data.gxzf.gov.cn/gl/catalog/3bf3e74d84ee4e7db8ce353589c359c6", "数据格式": "['xls', 'json', 'csv', 'rdf']"}, {"标题": "桂林市市场监督管理局企业公示_出资人信息情况", "来源部门": "桂林市市场监督管理局", "重点领域": "市场监管", "发布时间": "2021-11-23", "更新时间": "2022-06-21", "开放条件": "无条件开放", "数据量": "0", "所属行业": "", "更新频率": "每年", "部门电话": "暂无", "部门邮箱": "暂无", "标签": "", "描述": "桂林市市场监督管理局企业公示_出资人信息情况", "详情页网址": "https://gl.data.gxzf.gov.cn/gl/catalog/ba6d18962fa140739c37ec8c7a4b2e25", "数据格式": "['xls', 'xml', 'json', 'csv', 'rdf', 'api']"}]