{"dataset_id": 447810, "pred": ["农、林、牧、渔业"], "text": "日照市食用林产品风险监测抽检情况公示。日照市食用林产品风险监测抽检情况公示"}
{"dataset_id": 217445, "pred": ["公共管理、社会保障和社会组织"], "text": "宗教活动场所注销登记审批。宗教活动场所注销登记审批"}
{"dataset_id": 58812, "pred": ["教育"], "text": "江门市祥龙社区行政奖励信息。该信息类包含了2022年至今江门市祥龙社区行政奖励信息，指江门市政务服务数据管理局对事项信息进行跟踪、采集、分析、预测、公布的活动。本信息以各大平台数据汇总为基础，并采取数据检测等手段，加强对事项信息分析，提高数据的时效性和准确性。"}
{"dataset_id": 164504, "pred": ["农、林、牧、渔业"], "text": "田园综合体名单。田园综合体名单"}
{"dataset_id": 41274, "pred": ["公共管理、社会保障和社会组织"], "text": "市级创业型乡镇街道信息。包含年度、乡镇名称的内容"}
{"dataset_id": 98024, "pred": ["卫生和社会工作"], "text": "肇庆市封开县出售购买利用国家二级及省重点保护水生野生动物制品的审核、审批信息。该数据为2021年至今广东省肇庆市封开县出售购买利用国家二级及省重点保护水生野生动物制品的审核、审批办件结果信息,对变动情况进行跟踪、采集、分析、预测、公布的活动,并采取持续监测等手段,加强对数据分析,提高数据的时效性和准确性,包含办结时间、办理结果、结果证照名称等信息。"}
{"dataset_id": 540125, "pred": ["公共管理、社会保障和社会组织"], "text": "门牌地址信息"}
{"dataset_id": 260499, "pred": ["建筑业"], "text": "分乡镇资质建筑业企业个数信息。分乡镇资质建筑和房地产开发企业个数"}
{"dataset_id": 63893, "pred": ["教育"], "text": "江门市菱东社区行政确认信息。该信息类包含了2022年至今江门市菱东社区行政确认信息，指江门市政务服务数据管理局对事项信息进行跟踪、采集、分析、预测、公布的活动。本信息以各大平台数据汇总为基础，并采取数据检测等手段，加强对事项信息分析，提高数据的时效性和准确性。"}
{"dataset_id": 329549, "pred": ["公共管理、社会保障和社会组织"], "text": "那坡县享受农村居民最低生活保障名单。享受农村居民最低生活保障"}
{"dataset_id": 208050, "pred": ["卫生和社会工作"], "text": "自贡市有关卫生健康会议项目信息登记。自贡市有关卫生健康会议项目信息登记"}
{"dataset_id": 205875, "pred": ["水利、环境和公共设施管理业"], "text": "自贡市生态环境局分时检测空气质量信息。自贡市生态环境局分时检测空气质量信息"}
{"dataset_id": 424308, "pred": ["农、林、牧、渔业"], "text": "机械制造类科技型中小企业入库名单。机械制造类科技型中小企业入库名单,序号,企业名称,所属区市"}
{"dataset_id": 359250, "pred": ["公共管理、社会保障和社会组织"], "text": "济宁市人力资源和社会保障局_人力资源社会保障相关统计数据。该目录主要描述济宁市人力资源和社会保障局_人力资源社会保障相关统计数据,包含县市区、项目名称、计划数、完成数、完成率、时间等信息项"}
{"dataset_id": 346797, "pred": ["水利、环境和公共设施管理业"], "text": "机动车移动源排放监管平台（遥感）。机动车移动源排放（遥感），记录机动车遥感数据信息"}
{"dataset_id": 497044, "pred": ["教育"], "text": "小个专非公党建在线考试考试过程历史记录表信息。小个专非公党建在线考试考试过程历史记录表信息;分数,状态,主键,进入时间,级别,党员id,退出时间,考生id,总时间;"}
{"dataset_id": 308399, "pred": ["采矿业"], "text": "采矿许可证-基于证照持有主体代码信息获取服务。采矿许可证-基于证照持有主体代码信息获取服务"}
{"dataset_id": 510548, "pred": ["农、林、牧、渔业"], "text": "工业技改投资（2018年）"}
{"dataset_id": 358434, "pred": ["卫生和社会工作"], "text": "全区医疗卫生机构院感巡查信息。包含日期、单位、问题内容"}
{"dataset_id": 155238, "pred": ["信息传输、软件和信息技术服务业"], "text": "道路运输从业人员信息。道路运输从业人员信息"}
{"dataset_id": 351221, "pred": ["农、林、牧、渔业"], "text": "沂水县_发展和改革局_办公室_专项债券项目名单信息。沂水县专项债券项目名单"}
{"dataset_id": 115516, "pred": [], "text": "湛江市道路旅客运输企业。湛江市道路旅客运输企业信息"}
{"dataset_id": 528587, "pred": ["教育"], "text": "金湖县_体育馆收费标准"}
{"dataset_id": 77415, "pred": ["教育"], "text": "河源市中共和平县委统一战线工作部行政检查事项业务系统清单信息。该数据为广东省河源市2022年以来的中共和平县委统一战线工作部行政检查事项业务系统清单，数据项包括实施部门名称、实施清单名称、实施编码、事项类型、材料名称等。"}
{"dataset_id": 204419, "pred": ["交通运输、仓储和邮政业"], "text": "自贡市出租汽车租赁客运企业登记。自贡市出租汽车租赁客运企业登记"}
{"dataset_id": 157926, "pred": ["农、林、牧、渔业"], "text": "港口区制造业企业信息。序号,企业名称,统一社会信用代码,法定代表人(负责人),经营地址(住所),经营范围,联系电话"}
{"dataset_id": 272713, "pred": ["卫生和社会工作"], "text": "高新区计划生育关系迁入信息。该目录主要描述高新区计划生育关系迁入信息,包含申请人姓名、证件类型、证件编号、联系电话、申请事项、受理人、受理时间、迁出地、迁入地等信息项"}
{"dataset_id": 561650, "pred": ["教育"], "text": "龙湾区空间中心系统公园地理信息。编码,名称,简称,地址,类型,经度,纬度,所属街道,所属村/社区,备注,"}
{"dataset_id": 67930, "pred": ["教育"], "text": "惠州市其他行政权力权责清单信息。该数据包含了2023年至今惠州市其他行政权力权责清单信息，通过广东省政务服务事项管理系统获取行政其他行政权力权责事项，列明职权名称、设立依据、实施主体、责任事项等内容，为政府全面履职和百姓办事提供清楚指引。"}
{"dataset_id": 520917, "pred": ["水利、环境和公共设施管理业"], "text": "珊瑚镇关于中央生态环境保护督察交办信访（编号D2JS202204150004）整改公示。珊瑚镇关于中央生态环境保护督察交办信访（编号D2JS202204150004）整改公示"}
{"dataset_id": 77419, "pred": ["教育"], "text": "河源市公路工程施工许可办理指南信息。该数据包含了截止2022年广东省河源市江东新区交通公路工程施工许可办理详细指南，针对交通公路工程施工许可办理收集相关资料，方便申请方提前准备相关办理材料，提高办事效率。"}
{"dataset_id": 58064, "pred": ["教育"], "text": "河源市东源县文化广电旅游体育局的行政许可事项清单信息。该数据为广东省河源市东源县2022年以来的东源县文化广电旅游体育局的行政许可事项清单，数据项包括实施部门名称、实施清单名称、实施编码、事项类型、结果名称等，对了解东源县文化广电旅游体育局的事项清单信息有一定的帮助。"}
{"dataset_id": 486896, "pred": ["农、林、牧、渔业"], "text": "区农业局综合执法“双随机、一公开”抽查情况信息。区农业局综合执法“双随机、一公开”抽查情况信息"}
{"dataset_id": 438670, "pred": ["文化、体育和娱乐业"], "text": "考古调查勘探许可信息。考古调查勘探许可的基本信息"}
{"dataset_id": 15847, "pred": ["公共管理、社会保障和社会组织"], "text": "乳山市房地产市场土地证信息基本情况信息。关于乳山市房地产市场土地证证号、图号、用途、使用年限等"}
{"dataset_id": 424741, "pred": ["公共管理、社会保障和社会组织"], "text": "威海市慈善基金信息。威海市慈善总会登记的基金名称、类型、设立时间、联系方式等信息。"}
{"dataset_id": 147535, "pred": ["金融业"], "text": "关于哈尔滨市2008年财政预算执行情况和2009年财政预算。关于哈尔滨市2008年财政预算执行情况和2009年财政预算"}
{"dataset_id": 268809, "pred": ["教育"], "text": "汶上互联网服务营业场所检查情况汇总。该目录主要描述汶上互联网服务营业场所检查情况汇总,包含场所名称、检查时间、检查人、是否发现问题、是否正常营业等信息项"}
{"dataset_id": 464531, "pred": ["房地产业"], "text": "不动产登记遗失声明信息信息"}
{"dataset_id": 509562, "pred": ["采矿业"], "text": "神马神山多金属划矿坐标表。神马神山多金属划矿坐标表"}
{"dataset_id": 161785, "pred": ["教育"], "text": "广西社会科学普及基地名单。广西社会科学普及基地名单"}
{"dataset_id": 88465, "pred": ["卫生和社会工作"], "text": "佛山市禅城区人民法院2022年第三季度执行案件当事人信息。该数据包括了佛山市禅城区人民法院2022年7月至9月（第三季度）执行案件当事人信息，数据项包括案号、承办人、单位性质、地址、法定代表人姓名、法定代表人证件种类、法律地位、类型、姓名、证件种类。"}
{"dataset_id": 278072, "pred": ["公共管理、社会保障和社会组织"], "text": "壤塘县企业异常名录详细信息。壤塘县企业异常名录详细信息"}
{"dataset_id": 111018, "pred": ["卫生和社会工作"], "text": "汕头市气象局政务实施清单。气象局政务实施清单"}
{"dataset_id": 551323, "pred": ["公共管理、社会保障和社会组织"], "text": "其中：住户存款（人民币）（月度）。其中：住户存款（人民币）（月度）"}
{"dataset_id": 290957, "pred": ["租赁和商务服务业"], "text": "威远县社会组织信息。威远县社会组织信息包含统一社会信用代码、单位名称、法定代表人、地址、行业分类等内容。"}
{"dataset_id": 449231, "pred": ["教育"], "text": "日照市24届省运会预赛竞赛计划。24届省运会预赛竞赛计划包含项目、组别、比赛时间、比赛地点等信息"}
{"dataset_id": 90068, "pred": ["卫生和社会工作"], "text": "韶关市新丰县新群村党群服务中心信息。该数据包含韶关市新丰县新群村党群服务中心工作站网点名称、办公时间和交通指引（经度、纬度），联系电话等信息，方便群众办事。"}
{"dataset_id": 8346, "pred": ["公共管理、社会保障和社会组织"], "text": "充分就业星级社区认定信息"}
{"dataset_id": 190896, "pred": ["建筑业"], "text": "福州市建设行业企业资质信息"}
{"dataset_id": 50217, "pred": ["公共管理、社会保障和社会组织"], "text": "北斗镇秋堂村村民住宅新增建设用地计划需求表"}
{"dataset_id": 113426, "pred": ["卫生和社会工作"], "text": "珠海市年度福利彩票公益金资助项目信息。该数据集包含珠海市年度福利彩票公益金资助项目信息数据清单"}
{"dataset_id": 56779, "pred": ["教育"], "text": "大亚湾区行政裁决权责清单。大亚湾区行政裁决权责清单"}
{"dataset_id": 434320, "pred": ["公共管理、社会保障和社会组织"], "text": "行政执法人员资格清单。姓名、执法证号、执法岗位、执法区域"}
{"dataset_id": 222736, "pred": ["农、林、牧、渔业", "教育"], "text": "分县区主营业务收入（2016年）。分县区主营业务收入（2016年）"}
{"dataset_id": 529084, "pred": ["建筑业"], "text": "淮安市_市政府办公室关于印发淮安市自建房安全专项整治工作方案的通知"}
{"dataset_id": 115302, "pred": ["公共管理、社会保障和社会组织", "教育"], "text": "揭阳市揭西县乡镇街道行政区划一览表"}
{"dataset_id": 161253, "pred": ["建筑业"], "text": "柳州市公共机构建筑分类分项能耗拆分结果逐日汇总表。柳州市公共机构建筑扩展项数据表,主要包括逐日能耗代码、建筑代码、分类分项代码等"}
{"dataset_id": 462529, "pred": ["公共管理、社会保障和社会组织"], "text": "互联网+医院名单。该数据是市医保局提供的互联网+医院名单信息，包括定点医疗机构名称、医保编码、所属区、医疗机构类别、级别等字段信息。"}
{"dataset_id": 167836, "pred": ["公共管理、社会保障和社会组织"], "text": "东凤镇各村（居）委会联系方式。东凤镇人民政府对外公开的东凤镇各村（居）委会的地址和联系方式。"}
{"dataset_id": 411668, "pred": ["卫生和社会工作"], "text": "地方病防治信息。包含防治发文单位、发文名称和发文日期"}
{"dataset_id": 492154, "pred": ["卫生和社会工作"], "text": "环保局食品检验实验室建设项目主要设备信息。根据三定方案,环保局食品检验实验室建设项目主要设备信息包括设备名称、数量、单位等信息"}
{"dataset_id": 112596, "pred": ["教育"], "text": "汕尾市市级实施技术标准战略资金拟资助项目分配表。市级实施技术标准战略资金拟资助项目"}
{"dataset_id": 265866, "pred": ["公共管理、社会保障和社会组织"], "text": "律师事务所及分所信息。律师事务所及分所信息"}
{"dataset_id": 525125, "pred": ["教育"], "text": "关于印发《关于进一步加强全市应急救援队伍建设管理工作方案》的通知_政策解读。关于印发《关于进一步加强全市应急救援队伍建设管理工作方案》的通知_政策解读"}
{"dataset_id": 528097, "pred": ["公共管理、社会保障和社会组织"], "text": "市人社局_徐州市工伤保险定点医疗、康复机构"}
{"dataset_id": 393353, "pred": ["公共管理、社会保障和社会组织"], "text": "干部学习信息。包含个人学时情况"}
{"dataset_id": 189299, "pred": ["公共管理、社会保障和社会组织"], "text": "福州市区公共租赁住房租金标准"}
{"dataset_id": 492386, "pred": ["公共管理、社会保障和社会组织"], "text": "城区小区垃圾清运信息。城区小区垃圾清运信息,包括小区名称,清运车辆,驾驶员等信息,由环卫所提供。"}
{"dataset_id": 56995, "pred": ["卫生和社会工作", "教育"], "text": "珠海市地方政府债务限额及余额情况信息。该数据为广东省珠海市2022年至今珠海市地方政府债务限额及余额情况表，主要内容包括债务限额及余额等信息。并根据相关规则进行数据清洗整理，提高信息的时效性和准确性。"}
{"dataset_id": 296185, "pred": ["租赁和商务服务业"], "text": "隆昌市公安局寄卖行实有单位基本信息接口服务。隆昌市公安局寄卖行实有单位基本信息接口服务"}
{"dataset_id": 469579, "pred": ["公共管理、社会保障和社会组织"], "text": "该数据是市政务服务局提供的政务服务事项办事指南信息，包括所属区划、业务指导（实施）部门、实施主体、事项名称-主项、基本编码-主项等属性字段"}
{"dataset_id": 302554, "pred": ["公共管理、社会保障和社会组织"], "text": "城市特困人员信息。城市特困人员信息"}
{"dataset_id": 443504, "pred": ["公共管理、社会保障和社会组织"], "text": "残疾人自主创业扶持资金给付信息。自主创业资金给付"}
{"dataset_id": 353912, "pred": ["教育"], "text": "莒南县_档案馆_征集管理股_查阅档案资料信息。查阅档案资料信息"}
{"dataset_id": 19749, "pred": ["公共管理、社会保障和社会组织"], "text": "大东区人社局权责清单。大东区人社局权责清单"}
{"dataset_id": 292790, "pred": ["卫生和社会工作"], "text": "核酸检测结果。None"}
{"dataset_id": 415139, "pred": ["公共管理、社会保障和社会组织"], "text": "家政服务业从业人员意外伤害补贴。该目录主要描述家政服务业从业人员意外伤害补贴,包含姓名、性别、工作岗位、补贴金额、县市区等信息项"}
{"dataset_id": 471505, "pred": ["公共管理、社会保障和社会组织"], "text": "按产业分全社会固定资产投资(1978-2017年)。该数据是北京市统计局提供的按产业分全社会固定资产投资(1978-2017年)信息，包括年份、全社会固定资产投资等属性字段。"}
{"dataset_id": 244233, "pred": ["公共管理、社会保障和社会组织"], "text": "探矿权注销登记审批信息。该目录为办件数据包含探矿权注销登记审批信息"}
{"dataset_id": 86691, "pred": ["卫生和社会工作"], "text": "惠州市住房公积金管理中心其他行政权力事项清单信息。该数据包含了2019年以来惠州市住房公积金管理中心实施的其他行政权力事项清单信息，包含事项名称、基本编码、事项状态和实施部门等信息，由广东省政务服务事项管理系统记录而成的数据。"}
{"dataset_id": 542685, "pred": ["公共管理、社会保障和社会组织"], "text": "苏州工业园区按月领取养老金条件。苏州工业园区按月领取养老金条件"}
{"dataset_id": 75560, "pred": ["教育"], "text": "清远市佛冈县交通运输局实施事项材料清单信息。该数据包含了截止2022年12月13日的佛冈县交通运输局实施事项材料清单信息，数据项包含实施部门名称、实施清单名称、材料名称等。各单位可通过该数据了解办理相关事项所需材料的清单。该数据可向公众开放。"}
{"dataset_id": 21277, "pred": ["公共管理、社会保障和社会组织"], "text": "沈阳市司法局新闻宣传工作情况。沈阳市司法局新闻宣传工作情况"}
{"dataset_id": 316051, "pred": ["水利、环境和公共设施管理业"], "text": "辐射安全许可证-证照信息获取。辐射安全许可证-证照信息获取"}
{"dataset_id": 278410, "pred": ["公共管理、社会保障和社会组织"], "text": "个体未亮照经营吊销信息。个体未亮照经营吊销信息"}
{"dataset_id": 62913, "pred": ["居民服务、修理和其他服务业"], "text": "深圳市深汕特别合作区-加油站。深圳市深汕特别合作区-加油站"}
{"dataset_id": 64732, "pred": ["教育"], "text": "惠州市惠城区广播电视节目制作经营单位信息。该数据包含了惠城区文广旅体局2021年管辖范围内的广播电视节目制作经营单位，应用于部门管理企业。经由审批部门记录而成的数据。"}
{"dataset_id": 351448, "pred": ["农、林、牧、渔业"], "text": "沂水县_审计局_办公室_村居经济责任审计信息。沂水县村居经济责任审计信息"}
{"dataset_id": 99306, "pred": ["教育"], "text": "汕头市南澳县文体局政务服务事项实施目录基本信息。该数据为汕头市南澳县文体局2020年至今归属的政务服务事项办理项基本信息，指本市行政部门详细记录了办理项基本信息实施清单及办理项基本信息，包括基本编码，地方基本编码、事项名称等信息。"}
{"dataset_id": 66691, "pred": ["卫生和社会工作"], "text": "广东省揭阳市揭东区即办件事项清单。该数据是广东省揭阳市揭东区2023年即办件事项清单，包含了区域代码（areaCode）、服务代码（serviceCode）、地区名称（areaName）、事务类型（taskTypeText）、服务名称（serviceName）等信息，加强对相关职能部门日常的监管力度和分析处理突发事故。"}
{"dataset_id": 544130, "pred": [], "text": "年度邮电基本情况信息。开放目录"}
{"dataset_id": 512568, "pred": ["水利、环境和公共设施管理业"], "text": "污染源统一编码-污染源基本信息。污染源统一编码-污染源基本信息"}
{"dataset_id": 343626, "pred": ["水利、环境和公共设施管理业"], "text": "仁和区单雨量气象站网信息。仁和区单雨量气象站网信息"}
{"dataset_id": 435419, "pred": ["公共管理、社会保障和社会组织"], "text": "济南市平阴县社会团体名录。济南市平阴县社会团体名录"}
{"dataset_id": 531465, "pred": ["公共管理、社会保障和社会组织"], "text": "杭州市钱塘区钱塘技工系统-app日活跃人数信息。杭州市钱塘区钱塘技工系统-app日活跃人数信息"}
{"dataset_id": 445840, "pred": ["教育"], "text": "冠县档案馆馆藏档案目录著录情况。馆藏档案文书档案目录著录到档案管理软件的数据统计"}
{"dataset_id": 29004, "pred": ["公共管理、社会保障和社会组织"], "text": "文具产品质量市级监督抽查结果。文具产品质量市级监督抽查结果"}
{"dataset_id": 115494, "pred": ["卫生和社会工作"], "text": "汕尾市审计局政府信息公开目录"}
{"dataset_id": 435749, "pred": ["信息传输、软件和信息技术服务业", "公共管理、社会保障和社会组织"], "text": "政务大厅网厅受理信息。网上政务大厅信息"}
