{"水利、环境和公共设施管理业": 0, "电力、热力、燃气及水生产和供应业": 1, "租赁和商务服务业": 2, "批发和零售业": 3, "交通运输、仓储和邮政业": 4, "金融业": 5, "农、林、牧、渔业": 6, "信息传输、软件和信息技术服务业": 7, "房地产业": 8, "建筑业": 9, "卫生和社会工作": 10, "采矿业": 11, "国际组织": 12, "文化、体育和娱乐业": 13, "科学研究和技术服务业": 14, "公共管理、社会保障和社会组织": 15, "住宿和餐饮业": 16, "制造业": 17, "教育": 18, "居民服务、修理和其他服务业": 19}